date_transaction,amount
2010-12-04,4421.0
2019-01-22,4605.0
2012-03-21,5280.0
2013-12-15,4723.0
2013-02-04,5383.0
2017-05-09,4642.0
2021-03-17,4670.0
2011-10-13,5081.0
2015-02-01,4453.0
2021-02-07,4333.0
2011-10-18,4708.0
2011-01-26,3974.0
2017-08-30,4889.0
2015-07-30,5053.0
2012-02-21,5904.0
2014-08-24,5147.0
2021-03-29,4788.0
2021-11-04,4997.0
2014-09-27,4227.0
2019-10-26,4308.0
2018-09-26,5720.0
2021-07-27,5614.0
2013-08-10,4997.0
2020-09-13,4972.0
2016-06-11,4238.0
2017-05-15,5499.0
2015-09-01,5245.0
2014-11-13,4686.0
2012-09-09,5358.0
2014-04-24,5960.0
2012-11-30,4745.0
2013-03-06,5542.0
2013-02-12,4538.0
2018-01-31,4500.0
2021-09-27,5464.0
2021-06-18,5558.0
2010-08-25,4960.0
2015-11-28,5323.0
2021-09-30,4957.0
2011-03-12,5514.0
2018-06-27,4967.0
2013-04-07,4729.0
2010-12-08,3922.0
2013-06-18,4404.0
2012-02-22,5540.0
2013-10-02,5348.0
2014-11-22,5132.0
2016-01-29,5030.0
2014-05-06,6275.0
2019-06-17,4582.0
2017-08-24,3952.0
2014-03-12,5545.0
2011-11-13,4580.0
2010-04-13,4554.0
2012-09-11,4862.0
2015-06-12,5123.0
2013-07-26,3876.0
2015-03-15,4145.0
2017-11-08,5405.0
2014-02-20,6278.0
2019-01-08,4972.0
2020-08-26,5681.0
2016-02-15,4339.0
2013-01-04,6602.0
2011-10-04,5644.0
2018-10-01,4731.0
2019-08-24,4581.0
2011-11-18,5224.0
2011-10-09,5088.0
2021-07-20,5813.0
2021-04-12,4570.0
2015-04-30,4310.0
2018-04-14,5200.0
2010-02-20,5753.0
2016-08-03,4602.0
2021-08-13,5063.0
2014-07-23,5095.0
2021-02-08,4039.0
2018-03-09,5124.0
2019-11-12,5505.0
2013-12-08,4926.0
2012-04-04,3820.0
2017-05-23,5006.0
2015-06-18,5127.0
2021-11-05,5082.0
2019-01-09,4868.0
2015-05-16,4654.0
2020-07-14,4608.0
2021-04-08,5357.0
2017-10-15,4592.0
2014-11-23,5128.0
2019-07-28,4166.0
2013-02-10,5558.0
2021-08-15,4617.0
2018-02-12,4414.0
2016-04-10,6049.0
2018-10-31,4277.0
2019-05-23,4289.0
2017-08-03,5530.0
2016-04-07,5166.0
2017-02-11,6528.0
2020-07-09,4485.0
2012-06-01,4168.0
2011-12-18,4653.0
2015-08-21,4695.0
2019-04-01,4438.0
2011-07-08,5366.0
2014-04-12,4812.0
2020-06-17,5116.0
2019-06-16,4530.0
2014-12-13,4992.0
2020-09-19,5648.0
2018-10-22,5227.0
2015-03-03,6270.0
2021-04-03,5307.0
2020-06-22,4759.0
2020-11-09,4181.0
2018-06-23,4107.0
2016-12-30,4944.0
2013-07-06,4682.0
2016-12-10,5061.0
2015-07-08,5218.0
2019-12-25,4944.0
2019-10-02,4999.0
2010-03-28,5279.0
2013-08-02,4562.0
2018-03-15,4906.0
2010-04-18,4465.0
2013-07-03,5164.0
2015-11-18,4921.0
2011-11-22,5099.0
2013-08-16,4806.0
2021-07-13,4836.0
2014-08-06,5092.0
2011-10-14,4581.0
2013-04-14,5346.0
2015-09-19,4630.0
2020-09-26,4267.0
2018-12-12,3616.0
2011-08-05,5860.0
2012-10-29,4864.0
2014-06-22,4915.0
2011-04-29,4803.0
2021-01-22,4501.0
2012-09-12,4670.0
2018-01-04,4842.0
2017-04-01,4537.0
2018-05-09,4314.0
2013-08-22,4733.0
2012-12-13,5167.0
2012-08-08,4184.0
2021-05-19,5331.0
2017-02-23,4126.0
2012-01-02,5251.0
2012-05-30,4585.0
2011-03-02,4369.0
2021-08-14,4435.0
2019-12-01,4935.0
2018-11-12,4702.0
2010-06-25,4511.0
2021-10-30,4604.0
2010-04-16,4954.0
2010-03-27,4591.0
2018-11-22,4431.0
2013-09-25,3722.0
2016-11-26,3673.0
2011-06-07,4236.0
2020-10-05,4974.0
2012-12-25,4607.0
2018-12-01,4822.0
2020-03-10,4832.0
2015-01-19,4146.0
2017-01-29,5568.0
2018-08-04,4118.0
2014-07-22,4539.0
2019-05-01,4524.0
2017-10-28,5912.0
2012-05-22,4316.0
2010-08-19,4955.0
2020-04-15,5548.0
2016-04-06,5459.0
2021-04-01,4796.0
2010-09-13,5350.0
2019-04-14,4989.0
2018-03-03,4670.0
2021-04-05,4545.0
2018-10-28,5237.0
2011-12-24,5335.0
2011-05-24,5296.0
2010-09-05,4082.0
2019-12-26,4141.0
2019-11-21,4757.0
2018-06-09,4636.0
2017-05-14,4542.0
2018-08-21,4555.0
2010-08-15,4761.0
2020-01-04,5433.0
2012-05-19,5027.0
2012-09-03,5490.0
2011-11-04,4486.0
2019-10-31,4639.0
2018-02-20,4625.0
2020-06-03,5515.0
2019-09-10,5309.0
2017-07-27,4196.0
2012-01-31,4678.0
2012-10-25,4569.0
2011-10-25,4784.0
2014-09-05,3950.0
2012-06-04,5061.0
2019-03-23,5254.0
2012-01-04,4397.0
2020-12-25,6486.0
2019-06-02,4201.0
2012-02-02,4881.0
2014-11-14,4604.0
2020-06-13,4755.0
2020-12-20,4543.0
2021-07-21,4685.0
2021-01-19,4124.0
2020-05-29,4937.0
2014-06-07,5232.0
2017-03-03,4481.0
2016-10-21,4845.0
2018-08-27,5443.0
2018-06-08,4767.0
2018-07-08,4799.0
2017-02-28,5568.0
2013-09-15,3861.0
2017-06-28,4147.0
2010-12-24,5405.0
2014-07-04,5609.0
2017-06-27,5254.0
2021-01-04,5526.0
2014-09-08,4353.0
2020-03-20,5552.0
2010-03-16,4222.0
2011-10-12,5103.0
2013-08-15,4153.0
2020-05-11,4993.0
2020-09-25,4961.0
2021-10-28,4834.0
2020-12-04,5455.0
2011-06-15,4582.0
2019-10-14,4411.0
2016-06-27,5344.0
2020-02-24,3754.0
2012-03-13,4801.0
2011-01-17,3954.0
2017-10-31,4746.0
2013-01-10,5050.0
2021-06-13,5232.0
2018-07-18,4529.0
2021-03-06,5377.0
2016-08-23,5434.0
2016-08-21,5164.0
2010-06-03,4490.0
2021-07-10,4553.0
2018-07-11,4719.0
2010-04-04,4637.0
2014-12-07,6059.0
2014-08-07,4908.0
2011-09-10,5099.0
2021-01-02,4927.0
2017-09-13,5049.0
2010-06-21,4881.0
2020-04-26,4693.0
2019-07-01,5221.0
2016-10-19,5644.0
2019-10-22,4904.0
2020-09-24,5831.0
2012-03-15,5491.0
2014-06-08,4595.0
2013-04-13,4886.0
2019-11-27,5093.0
2020-10-18,4095.0
2012-01-24,5160.0
2019-07-05,5345.0
2011-05-07,4664.0
2012-04-10,5057.0
2011-03-06,4674.0
2020-09-15,4169.0
2013-05-08,4238.0
2020-05-05,5945.0
2020-12-28,4564.0
2011-12-08,3677.0
2016-09-04,5397.0
2017-07-12,5068.0
2015-07-24,5201.0
2010-09-19,4947.0
2016-02-19,5150.0
2020-04-25,4545.0
2017-02-03,5326.0
2020-08-30,4268.0
2010-12-02,5354.0
2015-05-29,5748.0
2019-06-10,4432.0
2010-06-15,5254.0
2016-10-27,4464.0
2019-09-25,5219.0
2014-08-28,4175.0
2020-07-12,4899.0
2016-08-19,4503.0
2018-09-05,5856.0
2018-02-21,3834.0
2019-07-02,4255.0
2011-07-30,4543.0
2018-11-25,4127.0
2012-08-24,4326.0
2013-09-08,5439.0
2011-12-27,5616.0
2016-12-22,4810.0
2014-06-13,4540.0
2015-04-21,5059.0
2021-04-21,4971.0
2011-09-15,4780.0
2019-11-28,4847.0
2017-02-09,4734.0
2014-03-06,4447.0
2019-09-28,6355.0
2010-07-26,4947.0
2013-07-22,5082.0
2013-12-22,4550.0
2012-06-27,5148.0
2013-08-11,5142.0
2017-11-15,5282.0
2017-08-01,4933.0
2016-12-01,5106.0
2014-12-09,6360.0
2019-05-24,5026.0
2020-03-07,5292.0
2013-01-15,5918.0
2017-02-25,4108.0
2018-04-29,3874.0
2016-11-23,4628.0
2015-04-14,5543.0
2016-08-28,4338.0
2015-07-22,4428.0
2021-10-11,5994.0
2010-05-07,5647.0
2017-08-13,5607.0
2014-02-28,4994.0
2015-06-21,4244.0
2015-11-30,4548.0
2011-03-07,3787.0
2014-09-18,4544.0
2015-03-05,5057.0
2014-05-17,4769.0
2019-03-19,5117.0
2016-07-29,4950.0
2016-08-01,4228.0
2019-08-18,4349.0
2018-08-28,5012.0
2012-12-29,5003.0
2015-12-29,5399.0
2014-04-22,4125.0
2016-04-03,3935.0
2021-09-29,5179.0
2013-10-11,4510.0
2021-05-28,4442.0
2018-05-05,4615.0
2017-12-25,4861.0
2012-05-17,5637.0
2018-08-02,4369.0
2017-10-18,4895.0
2016-07-19,4959.0
2011-05-26,4548.0
2021-09-25,4685.0
2021-11-14,4672.0
2019-11-06,4058.0
2012-01-28,4585.0
2012-03-20,4641.0
2021-04-11,4725.0
2017-12-06,5108.0
2013-05-13,5410.0
2017-09-23,4931.0
2019-09-18,5528.0
2021-08-07,4065.0
2020-05-01,4645.0
2013-10-26,5120.0
2018-08-25,4212.0
2016-03-15,4822.0
2021-07-23,4602.0
2018-03-19,5096.0
2010-06-06,4487.0
2017-09-05,4290.0
2015-10-01,4422.0
2012-06-18,4535.0
2021-07-09,4977.0
2013-05-31,4770.0
2018-04-12,4634.0
2010-07-06,4693.0
2011-07-20,4749.0
2018-06-11,4661.0
2010-05-02,4833.0
2021-10-09,4936.0
2021-08-22,4657.0
2018-11-02,4615.0
2020-12-14,5079.0
2010-07-18,5575.0
2017-12-10,4092.0
2017-02-04,4765.0
2016-04-30,5239.0
2014-06-17,4619.0
2011-02-12,4756.0
2021-02-16,4982.0
2014-05-24,5174.0
2018-02-22,5238.0
2011-07-07,4979.0
2016-05-10,4905.0
2013-08-09,5557.0
2015-09-15,4895.0
2015-06-04,4286.0
2016-09-14,5668.0
2014-01-25,4810.0
2019-03-02,4968.0
2014-10-21,4391.0
2017-07-11,5305.0
2013-01-27,4966.0
2018-10-20,5294.0
2020-06-23,4689.0
2019-12-28,4925.0
2010-12-13,5428.0
2018-07-07,5260.0
2010-10-12,5294.0
2014-08-23,4517.0
2011-06-28,4941.0
2017-05-05,5032.0
2020-06-01,4682.0
2015-07-29,5321.0
2016-02-09,4540.0
2010-02-10,3959.0
2011-04-20,5870.0
2016-04-11,4745.0
2015-12-08,4780.0
2012-10-16,4119.0
2018-12-09,5263.0
2014-01-17,4180.0
2020-05-18,4402.0
2019-04-29,4492.0
2012-04-29,4680.0
2020-12-03,4338.0
2012-04-13,4840.0
2018-02-28,4412.0
2015-02-16,4720.0
2012-12-27,5037.0
2019-04-03,5340.0
2021-09-26,4990.0
2012-05-02,4721.0
2019-12-18,4755.0
2013-01-09,4335.0
2020-10-15,4981.0
2012-11-28,5447.0
2021-04-13,5675.0
2014-08-26,4916.0
2018-09-24,4947.0
2018-01-14,4263.0
2017-10-10,5480.0
2021-01-03,4954.0
2018-07-01,4078.0
2015-12-07,5587.0
2021-06-30,3970.0
2011-01-02,4221.0
2013-03-08,4503.0
2019-09-09,4933.0
2011-08-08,5963.0
2021-09-19,4232.0
2021-12-18,5429.0
2014-05-04,5431.0
2011-03-08,5172.0
2017-12-24,4967.0
2017-11-29,4718.0
2015-09-06,5284.0
2011-09-21,5018.0
2010-09-03,4616.0
2020-06-28,4818.0
2021-02-20,5122.0
2021-05-12,5770.0
2019-10-29,4275.0
2012-02-15,5573.0
2014-10-19,4274.0
2011-04-14,5272.0
2016-04-23,4618.0
2013-08-28,5090.0
2014-05-25,4508.0
2015-11-02,5681.0
2011-07-27,5146.0
2011-02-14,4487.0
2020-01-13,4599.0
2012-07-28,5229.0
2013-07-25,3485.0
2010-07-31,5087.0
2018-03-07,4349.0
2015-05-10,5237.0
2018-05-25,4877.0
2017-10-02,4783.0
2013-12-26,4725.0
2011-04-11,5062.0
2010-08-01,3771.0
2013-03-29,4099.0
2017-02-10,5079.0
2011-05-11,4794.0
2010-11-21,4932.0
2020-07-03,5911.0
2013-07-20,5283.0
2013-10-01,4421.0
2016-06-17,4568.0
2018-12-05,5213.0
2013-04-22,4950.0
2020-03-04,5349.0
2019-08-29,4656.0
2015-11-20,4924.0
2013-07-17,4662.0
2016-08-13,4871.0
2012-05-14,4008.0
2011-09-08,5440.0
2020-07-28,4313.0
2021-02-26,4499.0
2014-07-29,4229.0
2021-09-03,5406.0
2013-04-20,4955.0
2020-09-22,4554.0
2010-11-03,5270.0
2010-11-28,4564.0
2020-12-13,4970.0
2011-11-12,3873.0
2012-06-16,5235.0
2020-02-16,4702.0
2015-06-08,5920.0
2016-05-11,4518.0
2010-06-26,4825.0
2017-02-20,4615.0
2018-06-06,5054.0
2010-06-13,4653.0
2014-02-11,4346.0
2012-11-03,4627.0
2013-05-30,4487.0
2010-07-08,5042.0
2018-06-03,5079.0
2013-01-07,4518.0
2017-02-18,4610.0
2010-11-10,5049.0
2020-08-31,5298.0
2017-03-05,4632.0
2020-12-21,5986.0
2012-02-23,4538.0
2020-07-29,5198.0
2015-01-06,5867.0
2018-03-10,4836.0
2021-11-08,3871.0
2017-05-28,5775.0
2011-02-01,5503.0
2013-02-16,3310.0
2016-06-22,4520.0
2016-07-10,3839.0
2013-09-11,5711.0
2013-10-14,4742.0
2012-09-15,5076.0
2018-05-24,4782.0
2013-10-30,5325.0
2015-02-15,4324.0
2011-11-21,4485.0
2020-04-12,5431.0
2010-04-27,5324.0
2012-11-25,5308.0
2021-10-01,4725.0
2010-11-26,4661.0
2011-10-22,4795.0
2021-12-11,5137.0
2018-05-31,5153.0
2014-10-16,4830.0
2018-04-22,6340.0
2015-04-17,4914.0
2011-06-25,4164.0
2021-08-25,4665.0
2014-05-30,4972.0
2015-02-14,4224.0
2015-03-19,4424.0
2017-06-07,5031.0
2011-05-09,4709.0
2014-07-16,4209.0
2021-01-31,4820.0
2010-07-01,5598.0
2013-02-21,4500.0
2016-02-23,4207.0
2016-05-09,5204.0
2017-05-02,4990.0
2014-03-25,4065.0
2012-08-01,4595.0
2017-11-28,7643.0
2014-09-13,4082.0
2017-10-13,4071.0
2020-07-01,5094.0
2013-07-08,4068.0
2019-01-13,4893.0
2021-08-21,4545.0
2020-10-08,4757.0
2019-07-18,4596.0
2021-05-29,4727.0
2011-03-24,4629.0
2012-02-27,5250.0
2013-10-18,4596.0
2019-11-10,4862.0
2010-06-23,4312.0
2014-05-31,5537.0
2019-07-31,3876.0
2016-01-08,6004.0
2019-05-13,4484.0
2018-05-18,4033.0
2015-08-15,5006.0
2017-11-10,4118.0
2013-05-11,5580.0
2016-12-04,3646.0
2011-05-18,4729.0
2015-06-15,3787.0
2018-11-15,4366.0
2019-08-10,4425.0
2021-01-07,5298.0
2017-12-23,4369.0
2017-07-21,4490.0
2011-02-03,5762.0
2012-04-08,3556.0
2017-04-26,4071.0
2012-02-18,5064.0
2019-01-02,5009.0
2013-07-10,5269.0
2020-08-19,5375.0
2011-02-26,4788.0
2011-09-12,4672.0
2019-09-06,4219.0
2019-06-22,4645.0
2010-02-22,4527.0
2017-03-31,4815.0
2021-12-21,5406.0
2011-01-01,4989.0
2017-02-12,5328.0
2013-05-27,5450.0
2011-05-05,4481.0
2013-01-30,5234.0
2013-06-12,5203.0
2014-03-30,3878.0
2017-08-05,5749.0
2016-07-13,4883.0
2012-09-04,4698.0
2021-09-22,4651.0
2017-06-04,5591.0
2020-01-01,5308.0
2013-11-04,5254.0
2021-01-23,3828.0
2018-09-23,5288.0
2012-06-14,5742.0
2015-06-01,5039.0
2018-04-23,4263.0
2015-05-20,5478.0
2018-07-24,4457.0
2012-07-15,4790.0
2015-12-20,4615.0
2017-04-17,4382.0
2012-08-29,5075.0
2010-07-02,5119.0
2012-05-03,4008.0
2013-04-21,5141.0
2018-05-11,5252.0
2019-10-10,4513.0
2013-03-18,4155.0
2017-01-01,5529.0
2019-10-19,6166.0
2016-10-22,4965.0
2012-01-15,4957.0
2013-12-04,4376.0
2016-10-06,3954.0
2015-07-20,4331.0
2012-08-10,4410.0
2013-05-09,6347.0
2012-01-12,4503.0
2021-01-20,4756.0
2010-10-23,5509.0
2011-12-13,5727.0
2019-11-22,4596.0
2019-11-25,4827.0
2010-02-16,5460.0
2016-04-20,4324.0
2011-05-31,3614.0
2011-09-16,4999.0
2015-01-07,4442.0
2019-08-25,4463.0
2010-01-04,4326.0
2014-10-12,4681.0
2010-07-07,4571.0
2020-11-12,5094.0
2010-01-13,4994.0
2012-12-19,4915.0
2015-09-24,4235.0
2018-02-26,5314.0
2014-08-01,6211.0
2016-06-20,4933.0
2010-01-07,5112.0
2021-07-03,4644.0
2019-09-14,4612.0
2013-10-03,4443.0
2014-09-09,5354.0
2020-01-24,5183.0
2017-02-08,4394.0
2017-01-11,3761.0
2011-04-22,4893.0
2012-03-26,4192.0
2014-02-01,4467.0
2017-07-18,5214.0
2021-10-13,4913.0
2010-12-10,4661.0
2011-08-22,5601.0
2021-11-09,4921.0
2018-11-29,5340.0
2010-09-26,5443.0
2020-04-07,5181.0
2018-05-13,4897.0
2012-03-16,5244.0
2018-01-17,4465.0
2018-07-17,4497.0
2016-11-10,5982.0
2016-03-19,4666.0
2020-04-09,4533.0
2020-09-10,4511.0
2016-04-17,4672.0
2016-07-01,5200.0
2011-07-04,5078.0
2017-08-21,5970.0
2017-06-15,3756.0
2014-10-18,4834.0
2015-09-12,5222.0
2016-11-18,4400.0
2020-08-15,5280.0
2014-07-31,4965.0
2012-09-29,4814.0
2016-02-08,5053.0
2017-09-06,4759.0
2021-11-02,4269.0
2011-10-31,5367.0
2010-08-07,4818.0
2021-12-30,4256.0
2013-06-30,4750.0
2020-10-07,5298.0
2016-10-10,5239.0
2015-12-23,4859.0
2014-03-24,3749.0
2016-06-15,4347.0
2021-09-11,5895.0
2021-06-04,4667.0
2010-02-28,4378.0
2015-11-22,4787.0
2016-11-01,5380.0
2010-08-06,3817.0
2013-08-14,5291.0
2016-01-17,5210.0
2020-11-26,5277.0
2013-11-18,4598.0
2019-06-27,4412.0
2016-01-24,4852.0
2015-07-03,5074.0
2016-07-18,6293.0
2015-09-26,4223.0
2021-04-14,4367.0
2020-04-05,4829.0
2016-12-13,4696.0
2013-12-13,4577.0
2011-06-05,4549.0
2017-03-19,4099.0
2017-01-21,4085.0
2015-01-05,5234.0
2011-12-19,4438.0
2011-07-19,4865.0
2015-03-16,5125.0
2018-11-21,5880.0
2020-06-06,6081.0
2021-06-22,4552.0
2013-11-09,4809.0
2018-11-13,5680.0
2013-01-25,4817.0
2017-03-30,4784.0
2015-02-04,4703.0
2010-05-08,3791.0
2013-08-13,4758.0
2010-12-14,4842.0
2017-04-08,4977.0
2018-01-16,4193.0
2011-02-16,4601.0
2010-07-19,5575.0
2014-04-27,6052.0
2010-03-19,4677.0
2012-04-16,3841.0
2015-11-29,5978.0
2011-01-23,4836.0
2012-06-11,4325.0
2013-04-11,4879.0
2014-07-13,5158.0
2017-01-03,4831.0
2021-03-20,4618.0
2017-10-26,5417.0
2011-10-07,6596.0
2017-09-10,4763.0
2014-08-21,4629.0
2014-08-29,4589.0
2018-09-01,4694.0
2020-04-14,4884.0
2018-12-22,4215.0
2016-11-11,4902.0
2011-01-19,4594.0
2016-12-20,4790.0
2013-09-20,4594.0
2017-01-27,5229.0
2015-10-19,4756.0
2015-12-05,4489.0
2018-09-04,4662.0
2016-08-07,5012.0
2013-01-19,5781.0
2020-06-27,5105.0
2015-01-13,4641.0
2013-04-17,5132.0
2011-03-27,4034.0
2020-03-29,4526.0
2020-08-16,3459.0
2020-02-18,5638.0
2014-07-15,5787.0
2014-04-23,4789.0
2017-02-02,4353.0
2019-11-03,5471.0
2012-03-17,5588.0
2020-09-11,4228.0
2017-10-04,5025.0
2021-07-16,4841.0
2013-05-02,4257.0
2012-12-08,4430.0
2014-05-20,4509.0
2015-06-02,5672.0
2019-10-30,5527.0
2020-01-12,4711.0
2020-08-06,5471.0
2015-01-27,4243.0
2018-03-26,4313.0
2020-02-28,5857.0
2021-03-03,5338.0
2013-09-22,4770.0
2020-02-12,5213.0
2010-06-10,4196.0
2018-10-04,4168.0
2013-03-22,3757.0
2014-01-30,4837.0
2012-08-19,5215.0
2012-05-24,5682.0
2014-01-29,5155.0
2013-04-19,3573.0
2012-04-30,5325.0
2021-12-26,5565.0
2015-06-24,4734.0
2014-08-27,5127.0
2018-08-18,5625.0
2017-06-29,5480.0
2016-03-05,4405.0
2014-04-01,3905.0
2018-06-15,5283.0
2019-08-14,4387.0
2018-07-25,5932.0
2013-06-22,4678.0
2018-03-22,5128.0
2021-12-23,6177.0
2013-12-11,4066.0
2021-07-29,4705.0
2015-11-26,4213.0
2020-06-21,4902.0
2014-03-22,6114.0
2015-03-31,4391.0
2012-04-17,4882.0
2012-12-17,4861.0
2012-09-02,6267.0
2014-10-11,4689.0
2015-01-28,5420.0
2017-06-17,4819.0
2020-12-22,5042.0
2019-02-05,5077.0
2020-08-09,5166.0
2020-03-24,5328.0
2019-12-19,4315.0
2012-07-21,4709.0
2015-02-17,4642.0
2010-02-07,4676.0
2016-06-18,4852.0
2019-05-27,5364.0
2018-02-13,5391.0
2016-02-12,4937.0
2020-09-04,4702.0
2015-07-01,5943.0
2019-09-22,6356.0
2018-01-09,4657.0
2013-04-05,5113.0
2016-05-07,4204.0
2016-11-05,4359.0
2019-06-11,5412.0
2019-11-13,5143.0
2015-09-23,5466.0
2021-09-12,5629.0
2018-10-19,4040.0
2020-10-29,4458.0
2016-03-20,5082.0
2021-09-01,4524.0
2014-12-11,5140.0
2014-07-08,4911.0
2014-02-17,4489.0
2012-03-05,5079.0
2018-08-09,5268.0
2014-11-16,4885.0
2011-03-21,4905.0
2014-08-08,4932.0
2013-09-24,4217.0
2018-02-15,5147.0
2013-01-03,5093.0
2012-01-21,5254.0
2013-02-19,4544.0
2014-09-24,5008.0
2020-10-24,5438.0
2015-07-06,5576.0
2013-08-25,4701.0
2019-06-20,4309.0
2021-06-03,4416.0
2020-10-31,5072.0
2021-02-10,4227.0
2019-05-05,4809.0
2018-10-08,5234.0
2015-06-17,4449.0
2018-12-31,5353.0
2015-02-12,4753.0
2016-11-15,4953.0
2010-07-04,4291.0
2018-02-02,5234.0
2011-11-25,4642.0
2011-03-23,4795.0
2011-08-06,5363.0
2020-11-05,5600.0
2019-03-08,4995.0
2019-09-19,5854.0
2011-05-15,4215.0
2013-09-04,4439.0
2019-03-31,5421.0
2019-08-13,4770.0
2020-06-04,4669.0
2017-08-12,4655.0
2016-11-04,4719.0
2014-01-20,4621.0
2013-11-02,4921.0
2015-08-12,4896.0
2016-04-19,5033.0
2020-01-23,5391.0
2013-01-18,4300.0
2021-09-04,5079.0
2014-07-21,4729.0
2020-08-25,4970.0
2020-10-01,5777.0
2020-12-30,5358.0
2021-08-30,3410.0
2011-12-26,5249.0
2016-12-08,5530.0
2012-08-30,5710.0
2013-03-12,4146.0
2015-12-11,5151.0
2015-07-15,5352.0
2019-05-11,4881.0
2015-04-22,5232.0
2017-03-28,4699.0
2020-04-13,4960.0
2011-08-07,4143.0
2011-09-26,5954.0
2021-08-20,5003.0
2013-05-16,4122.0
2020-09-21,4794.0
2018-10-27,4827.0
2018-07-20,5438.0
2016-01-16,5012.0
2010-06-30,5219.0
2018-05-28,4965.0
2016-01-28,5767.0
2019-03-10,4373.0
2017-04-19,4844.0
2017-02-21,5286.0
2019-04-30,4878.0
2021-10-22,4520.0
2014-02-26,5063.0
2014-03-08,4611.0
2013-09-18,5222.0
2019-11-01,4759.0
2020-02-13,5114.0
2016-04-25,4735.0
2021-03-08,5683.0
2019-12-03,5179.0
2012-09-23,5086.0
2015-07-25,5162.0
2011-10-11,4525.0
2014-02-06,5794.0
2016-05-12,4483.0
2018-05-21,4237.0
2016-10-03,5124.0
2015-11-27,5431.0
2018-04-25,5436.0
2015-09-25,5192.0
2015-01-04,5461.0
2017-03-25,4862.0
2012-10-28,4865.0
2013-07-04,4474.0
2012-11-06,5204.0
2010-01-06,4957.0
2015-05-08,5071.0
2019-07-06,4204.0
2013-05-15,3768.0
2010-06-12,4535.0
2015-08-23,5950.0
2021-01-11,5254.0
2017-01-30,5200.0
2013-08-31,4661.0
2020-11-27,4343.0
2012-02-16,4065.0
2019-11-18,4918.0
2016-09-01,4181.0
2019-01-06,4694.0
2020-03-14,6094.0
2020-07-10,4671.0
2020-07-11,4795.0
2015-08-10,4015.0
2018-01-27,4984.0
2021-03-14,4192.0
2020-10-06,4938.0
2012-01-05,4351.0
2021-01-06,4671.0
2017-09-21,4834.0
2020-03-17,5510.0
2017-05-08,3828.0
2013-06-02,4869.0
2012-05-08,5180.0
2014-08-10,4376.0
2012-09-24,4423.0
2011-01-03,4845.0
2015-07-07,4363.0
2021-10-17,4670.0
2015-09-17,4918.0
2013-09-07,5295.0
2017-04-25,4763.0
2016-04-04,5789.0
2017-04-07,4820.0
2013-09-26,4808.0
2014-04-13,5536.0
2017-01-26,4564.0
2016-06-01,5364.0
2017-08-26,4799.0
2019-07-17,3898.0
2021-04-09,4657.0
2020-04-21,4590.0
2021-10-15,5452.0
2014-02-14,5027.0
2011-09-19,4801.0
2010-03-03,4573.0
2012-06-28,5231.0
2014-02-07,5011.0
2016-11-24,4571.0
2021-03-10,3983.0
2015-08-27,4982.0
2013-02-15,3244.0
2012-12-09,4237.0
2021-12-02,4808.0
2011-01-31,4446.0
2014-01-27,4552.0
2019-11-05,5244.0
2011-03-01,4557.0
2016-12-26,5092.0
2019-01-19,5000.0
2015-09-03,5014.0
2011-03-28,4971.0
2021-08-27,5442.0
2010-06-08,5390.0
2015-01-20,5781.0
2011-02-20,4636.0
2018-05-10,5177.0
2012-01-11,4968.0
2011-12-21,5360.0
2013-07-16,4324.0
2012-05-31,5868.0
2020-10-03,4559.0
2020-11-20,4754.0
2020-06-05,5360.0
2015-07-05,3607.0
2017-02-06,5266.0
2010-07-14,4324.0
2010-11-19,5098.0
2019-07-10,5678.0
2015-03-24,5074.0
2014-01-09,4627.0
2019-03-12,4412.0
2012-12-18,5398.0
2020-10-17,4461.0
2019-09-02,4616.0
2019-05-03,4594.0
2010-08-11,4070.0
2017-09-08,4756.0
2018-12-14,4501.0
2018-09-22,4491.0
2021-06-23,6186.0
2013-03-13,5466.0
2015-06-13,5657.0
2016-01-02,4853.0
2013-04-01,5257.0
2019-12-05,5488.0
2011-11-24,5526.0
2021-01-29,4812.0
2014-02-16,5253.0
2019-08-01,4537.0
2010-09-24,5238.0
2017-01-24,5020.0
2014-02-22,4581.0
2012-04-20,4822.0
2015-09-08,5302.0
2020-05-31,4389.0
2010-10-04,5281.0
2019-02-19,4486.0
2011-04-06,4691.0
2020-06-14,5861.0
2011-08-16,4829.0
2016-07-14,5834.0
2017-04-21,5670.0
2014-10-27,4253.0
2011-05-19,4956.0
2017-07-05,5028.0
2013-11-22,5168.0
2013-08-03,4642.0
2011-07-22,5118.0
2013-04-15,4512.0
2018-07-26,5455.0
2015-10-16,4090.0
2010-08-31,4853.0
2010-01-22,5585.0
2021-10-29,5699.0
2015-01-31,4309.0
2020-09-05,4320.0
2011-03-16,4698.0
2017-02-05,4886.0
2012-12-01,4327.0
2020-03-12,4672.0
2016-09-26,4216.0
2015-04-02,5957.0
2017-07-22,4794.0
2019-11-29,5273.0
2020-05-28,4547.0
2019-01-17,4701.0
2018-04-06,5737.0
2016-10-18,5072.0
2014-06-26,4879.0
2020-09-02,5511.0
2011-02-05,4208.0
2011-07-28,4195.0
2012-05-07,4436.0
2015-07-21,5255.0
2019-06-18,3525.0
2021-10-20,5277.0
2013-05-17,5347.0
2012-07-24,4811.0
2021-10-23,4129.0
2017-08-28,5318.0
2013-01-14,4124.0
2021-07-28,3652.0
2016-10-31,4011.0
2013-05-18,4646.0
2017-12-09,5177.0
2012-02-07,4980.0
2011-11-10,5534.0
2019-02-26,4643.0
2019-11-08,4048.0
2016-07-20,5553.0
2019-09-24,4413.0
2021-09-13,4330.0
2010-10-17,5076.0
2012-11-08,4893.0
2019-06-19,5310.0
2017-12-20,4953.0
2021-06-08,5605.0
2016-02-11,4985.0
2018-01-29,5111.0
2018-08-30,4415.0
2016-03-27,5574.0
2014-02-05,5350.0
2015-10-27,4298.0
2021-05-25,4652.0
2010-01-12,4450.0
2015-05-15,4773.0
2015-10-05,5219.0
2019-07-16,4620.0
2010-05-01,4861.0
2014-12-14,4921.0
2021-08-09,4402.0
2018-04-07,5385.0
2018-06-28,6332.0
2019-07-26,5025.0
2017-01-05,3643.0
2010-11-29,5086.0
2019-01-16,4442.0
2014-04-08,4933.0
2018-05-15,5008.0
2019-05-06,4370.0
2018-03-12,3882.0
2016-06-29,4457.0
2011-04-04,3402.0
2018-06-10,4099.0
2016-05-02,4442.0
2013-10-21,4136.0
2011-11-23,4759.0
2013-07-24,4369.0
2016-10-26,5289.0
2018-12-08,4283.0
2017-12-12,4879.0
2020-04-22,4689.0
2017-02-26,4293.0
2016-05-31,4324.0
2021-05-23,5095.0
2015-08-20,5125.0
2010-02-14,4864.0
2018-11-23,3705.0
2020-07-16,5304.0
2011-03-17,5033.0
2010-10-02,5447.0
2015-01-23,4834.0
2012-04-21,5077.0
2020-02-03,4593.0
2014-03-17,5938.0
2011-11-30,4769.0
2017-01-12,5095.0
2015-10-13,4963.0
2011-05-12,4701.0
2014-09-12,4448.0
2010-04-03,4439.0
2010-01-18,4858.0
2017-12-17,4140.0
2014-10-25,4823.0
2011-05-21,5829.0
2017-01-09,4396.0
2020-02-09,5108.0
2018-01-18,4021.0
2021-05-09,4279.0
2011-09-01,4704.0
2013-10-28,4343.0
2010-10-05,4802.0
2010-04-01,5215.0
2011-04-23,4567.0
2017-03-02,4614.0
2018-12-16,5327.0
2021-04-29,5120.0
2014-12-23,4109.0
2015-03-09,4661.0
2013-12-18,4337.0
2017-10-29,6025.0
2017-03-10,4846.0
2020-01-08,4887.0
2020-03-21,4392.0
2013-01-29,5827.0
2015-03-20,4235.0
2020-02-23,4354.0
2016-02-10,3852.0
2011-12-23,5248.0
2021-10-26,4289.0
2015-01-29,5384.0
2015-10-04,4017.0
2018-09-29,4569.0
2015-11-07,5742.0
2020-01-25,4288.0
2016-08-09,4090.0
2011-05-22,4185.0
2018-03-31,5052.0
2010-08-22,6312.0
2010-04-11,4599.0
2012-12-23,4761.0
2013-05-29,5207.0
2018-12-25,4999.0
2017-04-28,4833.0
2017-06-20,4188.0
2011-12-22,4565.0
2021-09-06,4617.0
2020-02-06,4629.0
2021-05-03,5185.0
2015-06-14,4707.0
2018-09-30,3929.0
2015-09-16,4964.0
2014-05-28,5253.0
2019-11-07,5060.0
2016-02-03,5462.0
2018-07-03,4468.0
2015-01-10,4516.0
2010-02-17,5241.0
2020-04-17,5299.0
2013-08-12,4613.0
2021-09-14,4575.0
2017-01-02,5245.0
2018-03-30,4814.0
2018-02-06,4979.0
2013-03-28,5786.0
2019-11-09,4611.0
2020-01-02,4008.0
2012-04-07,5753.0
2016-05-25,5845.0
2013-01-21,4938.0
2018-04-02,4870.0
2015-08-06,5417.0
2014-11-02,4323.0
2018-04-19,5600.0
2014-07-05,5100.0
2020-08-22,4138.0
2021-04-17,4571.0
2018-09-03,4945.0
2017-05-26,4591.0
2010-10-14,5624.0
2017-04-05,5564.0
2014-07-30,5154.0
2014-12-06,4640.0
2010-08-20,5182.0
2019-11-16,4773.0
2012-07-20,4370.0
2013-11-24,5759.0
2016-11-27,5952.0
2010-02-06,4591.0
2012-06-10,4982.0
2015-10-24,4775.0
2016-03-16,4222.0
2011-01-07,5102.0
2014-05-02,4627.0
2014-11-24,4331.0
2010-12-18,4530.0
2013-07-30,5330.0
2011-03-04,4871.0
2011-03-03,5281.0
2011-09-05,4164.0
2015-08-14,4937.0
2010-11-15,5299.0
2010-03-01,4652.0
2011-02-18,5302.0
2013-10-06,3992.0
2012-12-22,4996.0
2016-06-12,5704.0
2011-01-29,4380.0
2020-02-20,4606.0
2015-11-17,4137.0
2011-06-06,5640.0
2012-07-30,5412.0
2017-05-10,5330.0
2019-07-04,4993.0
2014-11-03,4316.0
2021-11-17,4733.0
2021-03-18,5996.0
2017-05-12,4503.0
2019-02-02,4623.0
2016-06-14,5230.0
2012-03-12,5066.0
2013-02-27,5950.0
2019-04-25,5364.0
2017-11-02,4870.0
2013-01-20,5046.0
2012-04-15,5436.0
2011-09-07,5453.0
2015-06-11,6217.0
2019-09-15,5352.0
2017-11-16,4342.0
2015-10-09,4886.0
2017-07-23,4649.0
2014-07-27,4415.0
2013-05-19,5421.0
2011-11-14,5364.0
2020-10-21,4970.0
2020-08-27,5254.0
2018-10-05,4424.0
2020-04-19,4610.0
2020-05-23,4229.0
2019-06-04,5082.0
2012-01-08,4607.0
2012-11-05,4390.0
2010-06-18,5668.0
2016-10-07,4734.0
2012-08-14,5027.0
2018-12-20,4295.0
2012-09-26,4569.0
2017-04-18,4937.0
2013-06-01,5105.0
2011-06-03,4515.0
2011-12-16,4087.0
2010-05-22,5277.0
2013-12-31,4417.0
2020-12-27,4966.0
2012-12-15,5194.0
2012-05-29,4807.0
2017-01-14,4258.0
2021-03-09,5143.0
2017-12-18,4876.0
2018-05-04,4575.0
2020-08-28,5099.0
2018-08-29,4344.0
2018-08-23,4757.0
2012-12-06,4192.0
2017-05-01,4199.0
2016-09-19,5622.0
2015-04-08,4959.0
2019-07-20,4798.0
2014-01-15,5288.0
2021-07-26,5075.0
2021-09-05,4922.0
2020-01-07,5551.0
2019-06-01,3939.0
2010-01-10,4378.0
2013-04-29,4848.0
2010-01-31,4670.0
2019-02-07,4846.0
2012-08-26,6546.0
2015-08-11,5290.0
2017-09-30,4911.0
2021-01-30,5268.0
2014-10-04,5492.0
2016-11-20,4415.0
2017-06-30,5319.0
2010-01-26,4905.0
2019-10-16,5304.0
2010-08-17,6148.0
2012-07-07,4369.0
2017-07-29,5213.0
2012-08-21,4486.0
2018-08-20,5285.0
2010-02-03,5093.0
2011-12-30,5169.0
2017-04-30,4789.0
2010-01-21,4637.0
2021-12-04,3907.0
2017-12-29,4176.0
2012-04-09,5336.0
2018-07-04,4040.0
2014-12-04,4856.0
2012-10-06,4688.0
2015-12-19,4633.0
2010-04-09,5042.0
2014-05-26,5013.0
2016-07-03,4225.0
2019-03-17,5259.0
2016-11-25,4724.0
2017-05-17,4914.0
2012-07-23,4888.0
2019-12-12,3701.0
2017-10-09,4191.0
2018-05-30,5158.0
2010-06-09,5086.0
2014-04-16,4620.0
2020-07-15,5338.0
2021-11-28,3893.0
2016-08-17,4937.0
2017-03-11,5048.0
2018-11-03,4673.0
2010-10-08,5508.0
2020-02-15,4424.0
2018-07-22,4238.0
2013-05-24,4623.0
2020-08-05,3954.0
2018-07-10,4730.0
2019-10-12,5515.0
2016-12-09,5421.0
2016-03-07,5315.0
2013-09-17,5110.0
2018-03-23,4316.0
2015-09-09,4017.0
2017-08-25,3865.0
2012-05-05,4793.0
2012-10-23,4216.0
2019-10-20,4713.0
2017-06-11,4728.0
2011-10-05,4542.0
2017-04-27,4792.0
2010-05-20,5196.0
2010-05-26,5002.0
2012-04-18,4946.0
2019-10-21,4192.0
2016-10-17,4343.0
2020-09-12,4220.0
2012-12-10,5341.0
2010-02-24,5227.0
2015-04-26,5146.0
2019-03-27,5443.0
2010-10-13,4404.0
2018-01-06,4625.0
2016-09-21,5748.0
2019-02-21,5344.0
2021-11-22,4748.0
2018-01-07,4144.0
2012-03-19,3926.0
2018-02-18,3961.0
2014-06-20,5287.0
2010-01-20,4263.0
2016-07-31,5674.0
2017-07-02,4396.0
2018-08-12,4056.0
2013-06-14,3791.0
2011-06-19,5130.0
2016-03-21,5585.0
2011-06-02,5126.0
2013-06-19,5273.0
2020-01-09,5014.0
2012-10-04,3758.0
2012-12-12,5453.0
2021-05-24,4670.0
2020-03-13,4341.0
2014-11-05,4802.0
2017-04-13,4846.0
2014-10-03,4451.0
2011-09-23,5481.0
2018-07-12,4113.0
2017-05-03,4880.0
2020-01-21,4644.0
2014-01-21,4335.0
2021-10-07,4932.0
2010-03-31,4309.0
2016-01-23,4843.0
2014-07-14,4215.0
2021-01-28,4726.0
2011-11-03,4650.0
2016-07-24,5405.0
2020-11-24,4665.0
2016-12-21,4317.0
2020-07-07,4353.0
2010-10-30,4246.0
2015-09-18,4696.0
2019-04-22,5163.0
2010-09-16,4413.0
2013-06-05,5100.0
2013-04-16,4843.0
2010-11-17,5399.0
2015-10-02,5008.0
2010-05-17,4746.0
2018-12-24,5086.0
2016-07-28,5246.0
2018-06-14,5180.0
2015-05-30,4318.0
2010-10-10,4521.0
2017-04-29,5463.0
2013-06-16,4215.0
2019-12-29,4302.0
2013-01-24,4487.0
2015-06-16,4865.0
2020-05-07,4363.0
2012-09-01,5402.0
2021-01-12,4151.0
2019-05-22,4251.0
2018-10-17,5340.0
2010-04-08,4628.0
2011-05-29,5094.0
2019-06-30,5638.0
2016-09-06,4122.0
2012-03-11,3833.0
2012-10-08,4060.0
2013-11-28,5171.0
2016-12-24,4098.0
2013-04-08,5159.0
2021-07-30,4645.0
2020-05-12,5289.0
2011-11-15,4926.0
2014-06-23,5136.0
2019-12-10,4175.0
2015-12-14,5003.0
2011-08-19,4054.0
2017-01-28,4232.0
2016-06-23,5931.0
2019-12-06,4982.0
2012-09-28,4340.0
2020-02-05,4760.0
2010-11-24,5362.0
2012-10-07,5448.0
2013-01-28,5033.0
2015-02-27,6056.0
2015-02-19,4381.0
2021-06-21,4605.0
2014-01-11,5105.0
2013-03-15,3699.0
2021-05-08,3939.0
2015-12-16,5212.0
2011-04-16,4306.0
2016-06-03,5575.0
2013-12-01,3566.0
2016-05-06,5363.0
2019-03-13,5035.0
2016-05-08,4937.0
2017-10-06,4876.0
2021-12-13,4884.0
2016-02-26,4701.0
2013-05-25,4260.0
2017-11-22,5375.0
2018-12-13,4846.0
2012-02-28,5116.0
2019-03-06,4703.0
2012-09-05,4343.0
2021-03-24,6281.0
2021-12-20,4889.0
2010-11-05,4595.0
2014-02-13,4814.0
2014-03-09,4105.0
2014-02-02,5695.0
2016-05-28,4725.0
2018-02-03,4701.0
2020-08-20,4318.0
2016-10-30,3975.0
2018-09-17,5253.0
2020-01-18,4665.0
2015-02-09,4954.0
2019-02-11,4228.0
2014-12-08,5161.0
2016-02-07,5102.0
2019-12-07,5246.0
2018-10-02,5865.0
2011-12-03,4658.0
2018-09-08,4552.0
2016-06-04,4059.0
2016-12-17,4369.0
2010-04-23,4493.0
2021-10-24,5443.0
2010-09-12,4613.0
2013-06-07,5410.0
2012-12-03,3923.0
2018-10-25,4734.0
2010-09-29,4443.0
2021-05-11,3555.0
2011-12-20,5472.0
2011-09-28,5063.0
2014-03-16,4118.0
2011-07-05,5707.0
2013-01-08,4635.0
2015-08-01,5226.0
2017-09-27,4581.0
2017-11-14,4661.0
2011-05-02,4909.0
2014-11-08,5394.0
2018-04-30,5082.0
2015-11-24,5034.0
2018-05-07,4584.0
2012-10-01,4087.0
2018-05-20,4961.0
2012-04-22,4983.0
2012-07-25,4550.0
2010-07-30,5336.0
2015-11-06,5427.0
2014-02-03,4710.0
2018-12-07,4331.0
2017-10-03,4097.0
2018-01-12,4353.0
2016-10-15,4316.0
2018-05-23,6084.0
2017-12-02,4317.0
2012-07-05,5046.0
2010-04-26,4511.0
2017-03-26,5030.0
2010-04-07,4197.0
2010-08-27,5507.0
2021-04-28,5849.0
2014-01-19,4723.0
2015-05-19,5910.0
2019-08-04,5240.0
2015-01-16,4492.0
2011-10-21,4483.0
2019-10-13,4935.0
2013-06-13,5343.0
2019-06-29,4857.0
2015-01-18,4669.0
2015-02-24,4112.0
2013-02-02,4415.0
2016-09-29,4615.0
2015-01-03,5293.0
2020-11-19,4476.0
2017-12-19,5516.0
2010-04-25,4439.0
2012-05-06,4667.0
2012-06-06,4893.0
2016-02-02,4341.0
2020-01-15,4786.0
2020-08-14,5090.0
2010-02-11,4523.0
2017-11-06,5911.0
2014-08-20,4018.0
2014-12-01,5747.0
2011-06-20,5206.0
2010-09-09,4473.0
2018-03-14,5116.0
2019-07-14,4916.0
2016-11-22,4981.0
2011-08-09,4314.0
2018-01-15,4710.0
2017-06-18,4494.0
2014-01-31,4566.0
2010-09-06,4361.0
2011-05-28,5066.0
2014-12-28,5305.0
2020-10-09,5029.0
2019-04-05,4678.0
2021-12-14,4368.0
2013-08-06,5687.0
2014-04-03,5191.0
2015-10-11,4176.0
2019-06-21,4416.0
2014-02-10,3658.0
2020-07-19,5185.0
2019-05-10,4930.0
2011-03-14,4768.0
2020-06-20,4270.0
2010-01-08,4657.0
2018-02-04,3923.0
2010-08-28,5184.0
2013-11-10,4673.0
2013-02-03,3655.0
2019-01-11,4549.0
2017-08-14,5099.0
2014-07-25,4423.0
2021-12-25,4209.0
2010-08-14,5649.0
2011-08-28,4540.0
2013-03-30,5016.0
2012-11-19,5496.0
2019-04-10,4566.0
2017-11-18,5542.0
2015-02-06,4480.0
2011-01-04,4555.0
2016-03-23,5018.0
2010-04-06,4694.0
2016-10-29,4857.0
2021-08-18,5412.0
2017-09-01,4130.0
2016-06-24,5439.0
2014-01-28,4516.0
2012-02-29,5342.0
2019-06-24,4226.0
2017-04-02,5106.0
2011-06-04,5909.0
2010-06-05,4610.0
2013-01-17,5860.0
2017-09-14,4900.0
2016-04-05,5525.0
2020-03-01,5353.0
2010-07-17,4330.0
2014-09-23,6416.0
2012-12-31,4616.0
2014-04-28,4178.0
2011-08-13,4846.0
2012-11-01,5159.0
2010-12-27,4298.0
2021-09-16,4088.0
2011-10-27,6349.0
2020-03-28,4545.0
2010-04-24,5588.0
2010-11-22,4215.0
2010-12-31,6486.0
2016-07-21,5368.0
2021-02-09,5777.0
2011-12-12,5458.0
2013-10-23,4724.0
2021-06-11,5002.0
2020-03-02,4907.0
2018-05-02,5114.0
2013-12-30,4269.0
2010-11-18,4279.0
2021-03-11,4281.0
2016-07-09,4666.0
2010-01-27,3913.0
2013-03-01,5081.0
2013-08-24,3753.0
2010-07-27,5120.0
2019-09-16,4747.0
2014-11-26,4997.0
2010-04-14,5269.0
2014-01-23,4872.0
2010-10-07,4368.0
2019-07-29,4237.0
2010-02-26,4960.0
2010-05-29,5485.0
2014-03-18,4320.0
2021-02-14,5554.0
2012-01-29,4872.0
2016-09-12,4521.0
2020-04-24,5286.0
2019-09-07,4331.0
2015-05-11,4529.0
2011-10-17,4745.0
2018-01-28,4063.0
2017-11-07,4274.0
2019-07-11,5069.0
2016-10-25,3947.0
2019-04-26,4650.0
2013-02-07,4076.0
2019-04-11,5275.0
2018-09-14,4719.0
2010-08-04,5474.0
2019-04-15,4479.0
2017-03-08,6123.0
2021-01-10,4407.0
2018-01-02,4732.0
2019-09-12,4894.0
2019-02-25,5897.0
2011-10-29,4756.0
2020-08-02,5033.0
2011-06-13,5993.0
2020-02-21,4420.0
2016-07-06,4755.0
2011-08-10,5255.0
2015-06-27,5329.0
2017-03-18,4790.0
2013-03-04,5518.0
2015-12-18,4766.0
2011-02-23,4681.0
2014-12-17,5423.0
2020-10-10,5253.0
2021-11-15,4452.0
2012-08-28,4822.0
2014-12-30,5340.0
2010-07-21,4154.0
2017-11-17,5115.0
2021-10-05,4789.0
2014-09-29,5298.0
2021-12-19,4880.0
2020-03-06,4183.0
2010-10-21,6209.0
2015-10-31,4924.0
2015-11-04,6095.0
2015-09-30,4474.0
2010-07-25,4080.0
2021-05-10,4885.0
2015-08-19,4044.0
2013-11-12,4591.0
2013-09-14,5045.0
2010-02-12,4776.0
2012-08-05,4615.0
2014-05-27,5181.0
2012-11-14,4774.0
2014-05-01,5172.0
2019-02-12,6330.0
2011-06-21,5028.0
2018-01-21,5825.0
2012-01-03,5657.0
2017-10-30,4135.0
2012-04-03,4427.0
2020-08-29,4214.0
2019-12-04,4709.0
2016-04-08,4311.0
2018-09-19,4355.0
2017-09-11,5024.0
2014-12-18,4883.0
2013-12-25,4347.0
2015-12-21,5499.0
2019-09-01,4118.0
2012-07-27,4099.0
2016-02-16,5402.0
2010-01-19,4956.0
2014-06-27,5199.0
2010-10-20,5122.0
2021-07-01,5475.0
2013-09-12,4539.0
2012-08-25,5073.0
2021-08-19,5918.0
2018-11-10,4310.0
2018-02-16,5709.0
2021-12-09,5454.0
2018-02-09,6060.0
2014-12-16,4804.0
2010-02-18,4691.0
2017-05-29,4251.0
2015-10-07,5100.0
2021-09-15,4108.0
2010-08-16,4985.0
2018-05-01,4064.0
2014-12-15,5044.0
2013-02-20,5216.0
2017-10-14,5431.0
2010-01-01,4234.0
2012-05-27,4525.0
2010-08-26,6031.0
2020-07-04,3920.0
2021-02-15,4712.0
2011-12-11,4890.0
2011-05-16,5110.0
2016-11-14,3984.0
2016-12-29,4345.0
2010-06-11,4672.0
2013-11-26,4779.0
2012-02-25,4495.0
2018-04-13,3942.0
2012-04-01,4736.0
2015-06-03,5329.0
2010-12-17,4471.0
2016-08-27,4923.0
2019-12-23,5742.0
2012-10-26,4479.0
2015-03-11,5045.0
2017-10-07,3731.0
2021-04-10,4237.0
2017-07-14,5271.0
2012-01-19,3823.0
2012-11-04,4518.0
2016-07-07,5389.0
2014-12-26,4707.0
2012-05-13,4033.0
2018-05-16,4196.0
2014-01-16,5522.0
2019-02-03,4502.0
2013-09-09,5004.0
2012-10-05,4809.0
2010-10-03,4073.0
2011-11-26,4041.0
2021-04-30,4492.0
2019-05-12,4874.0
2010-01-24,4792.0
2012-01-25,5158.0
2016-12-03,4203.0
2015-12-02,5301.0
2011-10-06,4181.0
2014-04-07,4946.0
2013-06-26,4210.0
2010-05-05,5061.0
2011-11-09,5693.0
2013-02-01,4967.0
2012-02-01,3861.0
2013-11-21,5762.0
2014-05-12,5457.0
2015-06-05,4784.0
2019-02-09,3472.0
2012-08-22,4878.0
2017-09-16,3706.0
2012-10-14,4828.0
2019-01-29,5061.0
2011-01-06,5732.0
2010-10-09,5278.0
2012-01-30,4957.0
2020-03-09,4421.0
2016-07-30,5365.0
2011-06-14,4444.0
2016-04-28,4746.0
2011-01-05,4758.0
2012-10-17,3982.0
2016-05-16,4639.0
2011-08-02,5492.0
2010-11-20,5041.0
2019-05-19,5149.0
2021-03-19,4221.0
2012-12-02,4214.0
2015-03-04,5381.0
2015-05-27,3828.0
2020-11-11,4755.0
2011-02-10,5117.0
2014-06-28,4271.0
2011-12-14,5008.0
2010-12-12,4367.0
2020-01-19,4184.0
2012-02-20,4850.0
2010-06-28,4904.0
2021-10-27,4884.0
2011-12-04,4106.0
2016-09-17,5191.0
2016-11-09,4695.0
2015-08-09,4954.0
2020-11-28,3911.0
2015-02-20,4365.0
2010-08-23,4984.0
2012-10-09,4710.0
2018-10-29,3846.0
2014-04-26,5010.0
2014-06-14,4371.0
2019-09-05,4622.0
2017-10-20,4747.0
2013-06-28,4381.0
2021-06-29,4763.0
2013-03-31,5567.0
2017-11-03,6036.0
2012-04-27,4858.0
2019-04-06,5108.0
2011-06-26,5496.0
2013-12-28,3911.0
2019-09-27,4432.0
2016-05-20,5632.0
2018-01-11,4950.0
2017-08-22,6378.0
2013-05-23,4132.0
2016-01-30,5307.0
2012-01-17,4686.0
2016-08-29,5414.0
2011-09-24,5843.0
2018-07-02,5315.0
2010-10-16,5177.0
2016-12-31,4576.0
2014-12-02,4513.0
2014-12-25,4025.0
2021-01-27,5349.0
2019-02-17,4126.0
2016-06-28,4950.0
2011-01-16,4655.0
2019-08-03,4373.0
2018-07-28,4923.0
2011-09-22,4428.0
2012-11-29,5469.0
2010-07-12,4451.0
2016-10-28,6099.0
2018-09-07,5655.0
2020-08-04,3897.0
2019-07-09,5081.0
2014-02-24,4458.0
2021-11-03,5315.0
2016-08-26,3829.0
2019-12-02,4687.0
2016-01-11,3754.0
2011-07-09,3945.0
2011-04-27,5365.0
2018-07-13,4933.0
2021-08-26,4608.0
2011-08-26,5699.0
2014-11-25,4690.0
2012-02-26,5128.0
2019-04-08,5139.0
2015-04-29,5407.0
2014-06-12,4764.0
2012-03-22,4292.0
2021-07-04,3893.0
2013-08-19,5311.0
2016-07-08,5453.0
2015-03-06,4960.0
2020-12-24,4642.0
2012-10-18,6030.0
2010-03-30,3765.0
2021-02-24,5101.0
2021-05-06,5565.0
2013-12-27,5511.0
2016-07-27,5150.0
2017-01-23,4460.0
2012-01-10,5299.0
2011-06-10,4265.0
2019-08-21,4469.0
2020-03-16,3817.0
2017-01-04,4594.0
2010-05-30,6109.0
2021-11-19,4459.0
2013-03-23,4175.0
2013-05-21,5579.0
2015-05-28,5171.0
2017-01-18,4698.0
2014-10-15,5374.0
2011-09-03,4885.0
2013-05-03,5091.0
2015-09-14,5323.0
2017-03-27,5366.0
2017-11-01,4186.0
2017-06-14,5206.0
2015-04-04,3893.0
2018-01-26,5226.0
2010-11-13,4694.0
2012-09-27,4444.0
2012-07-31,4991.0
2017-03-13,5796.0
2010-02-04,4392.0
2020-09-09,4550.0
2014-12-20,4752.0
2016-01-12,4493.0
2010-08-18,5804.0
2018-08-16,5085.0
2011-08-20,4925.0
2019-07-23,3999.0
2011-12-07,5148.0
2013-05-05,4618.0
2020-05-25,5718.0
2010-05-14,4095.0
2016-09-02,4355.0
2014-07-18,4781.0
2015-08-04,4738.0
2014-02-09,4607.0
2020-08-03,4486.0
2013-05-01,5011.0
2016-07-05,4071.0
2019-05-17,5380.0
2020-01-22,4490.0
2016-12-15,4995.0
2020-07-26,5238.0
2012-05-20,5164.0
2020-11-08,4888.0
2018-11-05,5485.0
2020-11-16,5135.0
2011-02-21,4564.0
2011-05-04,4733.0
2020-11-15,5538.0
2012-03-10,3760.0
2014-02-25,5362.0
2013-06-08,5247.0
2016-01-20,4852.0
2016-11-12,5401.0
2018-03-27,4044.0
2010-11-01,5092.0
2020-06-18,3720.0
2010-04-17,4568.0
2020-11-22,4873.0
2016-05-26,6028.0
2012-06-21,4979.0
2015-04-07,3878.0
2011-12-09,5472.0
2017-09-24,5817.0
2017-11-23,4693.0
2015-02-21,4736.0
2011-09-11,4721.0
2019-09-13,5126.0
2019-03-24,5169.0
2017-07-09,5240.0
2019-10-07,5220.0
2014-09-11,4327.0
2014-08-04,4751.0
2011-07-12,4633.0
2013-02-22,5356.0
2012-12-24,4801.0
2020-08-10,5698.0
2018-07-31,4345.0
2012-03-03,4780.0
2017-12-04,4423.0
2020-06-19,4645.0
2019-06-14,5240.0
2012-06-08,4936.0
2017-03-12,5042.0
2012-11-20,5068.0
2012-06-02,4183.0
2015-09-20,4958.0
2013-07-05,5301.0
2020-09-07,4710.0
2017-01-13,5104.0
2017-10-08,5036.0
2017-11-11,4195.0
2021-03-16,5616.0
2015-07-02,5098.0
2010-01-02,4309.0
2020-04-04,5155.0
2013-02-14,5414.0
2017-03-09,4948.0
2015-01-11,5571.0
2010-09-28,4630.0
2017-04-16,4695.0
2017-06-02,4288.0
2017-06-21,5113.0
2017-08-11,5393.0
2015-07-16,4930.0
2013-10-25,5190.0
2021-03-22,4648.0
2014-09-14,5226.0
2017-03-06,5009.0
2019-07-22,4204.0
2013-11-05,5370.0
2016-03-03,3886.0
2017-03-16,4698.0
2019-07-24,5072.0
2019-12-11,4972.0
2020-11-23,4348.0
2014-10-23,5110.0
2018-07-23,4972.0
2017-05-07,5818.0
2014-06-03,4891.0
2014-03-11,5512.0
2011-06-29,4547.0
2018-11-18,4478.0
2015-08-25,6118.0
2020-06-26,4092.0
2014-10-10,4796.0
2017-07-16,4141.0
2016-05-24,4393.0
2015-08-02,4351.0
2012-03-02,3844.0
2011-11-29,4009.0
2010-11-25,4632.0
2013-06-29,3917.0
2019-05-16,5128.0
2015-11-14,5232.0
2012-08-04,4438.0
2021-05-31,5900.0
2015-05-05,4509.0
2014-01-07,4785.0
2014-09-01,4893.0
2014-02-27,5046.0
2018-09-20,4839.0
2021-02-19,5134.0
2016-02-27,5192.0
2017-08-08,4350.0
2015-10-03,4408.0
2012-06-22,5215.0
2011-01-10,4634.0
2012-02-05,4432.0
2018-11-27,4697.0
2015-11-21,3812.0
2016-10-14,4764.0
2015-10-22,6162.0
2012-11-18,5350.0
2019-06-26,5043.0
2013-09-29,4375.0
2020-06-11,5091.0
2016-01-05,5551.0
2018-08-08,5495.0
2021-11-27,4558.0
2021-06-16,5056.0
2012-05-09,4520.0
2020-01-11,4177.0
2020-11-21,4596.0
2017-10-17,5155.0
2013-04-06,5314.0
2011-09-20,5639.0
2011-03-18,4330.0
2011-01-30,4406.0
2019-01-27,5412.0
2015-12-25,5800.0
2018-08-03,5207.0
2015-03-01,4770.0
2014-01-26,4288.0
2018-10-12,5882.0
2020-03-19,4987.0
2018-04-20,4659.0
2016-10-23,5370.0
2013-08-05,5820.0
2016-02-24,4311.0
2012-11-13,4497.0
2020-03-18,5659.0
2017-11-19,4811.0
2019-05-07,5111.0
2018-03-28,4755.0
2020-07-27,4497.0
2018-08-19,5033.0
2017-07-04,4634.0
2018-11-07,5189.0
2012-02-10,4815.0
2018-06-02,4653.0
2018-11-14,5812.0
2016-04-13,5283.0
2013-08-18,4633.0
2010-04-21,5310.0
2015-05-01,4425.0
2018-10-16,4490.0
2010-01-14,4118.0
2021-11-24,4961.0
2013-12-23,4983.0
2021-03-02,4231.0
2018-08-06,4693.0
2011-08-01,4431.0
2016-01-25,5070.0
2012-03-31,4791.0
2015-05-07,5058.0
2017-08-19,4760.0
2016-02-04,4828.0
2019-12-08,4620.0
2021-05-26,5252.0
2012-03-07,4448.0
2019-06-28,4110.0
2021-07-19,5013.0
2012-10-20,4677.0
2021-05-21,5417.0
2020-01-03,4904.0
2021-07-31,4583.0
2019-08-27,4962.0
2017-10-25,5841.0
2020-02-17,4398.0
2021-10-16,5605.0
2011-06-16,5163.0
2019-07-19,5467.0
2019-07-30,4056.0
2011-01-27,4709.0
2016-05-01,4172.0
2014-08-30,5172.0
2017-02-13,4321.0
2012-11-22,4771.0
2013-06-10,4537.0
2016-01-13,4898.0
2013-05-07,5067.0
2018-06-05,4666.0
2014-06-11,3914.0
2019-06-06,5502.0
2018-03-01,3601.0
2014-09-02,5153.0
2010-06-24,4982.0
2016-06-02,5231.0
2012-01-20,4716.0
2014-03-13,4393.0
2016-11-30,4775.0
2010-03-11,6340.0
2012-07-13,4581.0
2014-08-13,5104.0
2021-08-08,5443.0
2018-07-06,5718.0
2018-02-14,4296.0
2015-01-22,3543.0
2015-09-29,4986.0
2017-11-24,4828.0
2021-03-04,5327.0
2016-12-16,4682.0
2018-01-03,5089.0
2021-11-25,5250.0
2013-03-10,4917.0
2021-07-17,3897.0
2019-03-09,5077.0
2015-06-25,4838.0
2021-07-12,5533.0
2019-08-30,5674.0
2021-11-16,4625.0
2019-08-05,5300.0
2013-10-17,4720.0
2020-02-02,4297.0
2017-07-07,4217.0
2010-03-06,4389.0
2014-09-20,4786.0
2016-06-13,5004.0
2013-08-23,5839.0
2014-08-03,5823.0
2014-08-15,4738.0
2016-07-12,4872.0
2020-04-10,4653.0
2011-12-29,5341.0
2021-07-11,4622.0
2020-01-30,4707.0
2011-08-11,4994.0
2018-03-18,5158.0
2016-12-27,5894.0
2015-08-13,5164.0
2017-11-20,4546.0
2021-05-17,5404.0
2010-03-02,4101.0
2020-10-20,4157.0
2012-02-19,4811.0
2021-08-02,4615.0
2014-12-05,4813.0
2013-04-09,5241.0
2020-01-17,5852.0
2016-03-08,4794.0
2017-05-06,5014.0
2020-09-29,5651.0
2016-06-25,4939.0
2017-04-23,6022.0
2018-07-21,4309.0
2018-04-16,4746.0
2010-01-09,4433.0
2014-03-28,5827.0
2018-03-20,4102.0
2015-04-09,3977.0
2011-12-01,5329.0
2013-06-27,5204.0
2015-01-15,3765.0
2010-05-11,4032.0
2017-09-02,4565.0
2021-01-25,4812.0
2010-04-28,4707.0
2016-11-08,5467.0
2017-01-19,4766.0
2012-12-05,5499.0
2011-02-17,5697.0
2016-05-29,5630.0
2020-09-30,4681.0
2013-05-06,4934.0
2019-01-20,4968.0
2020-05-22,4155.0
2014-05-18,4260.0
2015-02-02,5043.0
2020-03-30,4289.0
2020-05-06,4535.0
2021-09-20,5728.0
2010-04-30,4931.0
2021-01-08,3784.0
2012-11-02,4920.0
2019-11-24,4869.0
2016-09-08,4730.0
2017-04-22,4900.0
2010-12-15,4529.0
2011-03-13,4959.0
2021-06-28,4543.0
2011-05-20,4602.0
2020-10-26,4763.0
2017-08-17,4849.0
2015-06-22,4693.0
2021-06-27,6134.0
2019-04-16,4616.0
2018-10-06,5739.0
2011-07-13,5581.0
2011-08-17,4406.0
2016-04-27,4663.0
2012-09-19,4995.0
2018-04-24,4738.0
2015-09-28,5510.0
2010-09-17,5362.0
2018-08-05,5364.0
2019-06-09,4641.0
2017-03-23,5533.0
2012-06-03,4366.0
2018-01-22,5218.0
2011-07-10,4929.0
2011-10-20,5177.0
2015-02-03,4581.0
2013-04-02,5493.0
2019-08-22,4334.0
2015-04-20,5095.0
2021-02-21,4726.0
2012-10-21,5485.0
2017-06-25,4148.0
2015-05-18,5154.0
2021-01-24,4870.0
2011-12-28,4858.0
2010-08-09,5246.0
2017-01-16,5448.0
2010-02-13,4927.0
2018-04-04,4853.0
2011-08-14,3786.0
2016-10-02,5548.0
2010-12-19,5061.0
2010-07-03,4294.0
2016-03-13,5023.0
2015-03-23,5582.0
2012-06-23,5051.0
2017-04-12,4707.0
2016-12-12,4312.0
2012-01-07,4520.0
2020-03-26,4137.0
2013-09-30,4794.0
2020-03-22,4203.0
2015-12-26,6174.0
2016-02-05,4993.0
2010-04-15,4472.0
2012-02-12,5393.0
2017-02-27,4558.0
2012-01-23,5257.0
2013-08-07,4581.0
2014-06-09,4735.0
2013-07-14,5534.0
2020-09-18,4722.0
2021-04-22,4540.0
2017-06-08,4264.0
2014-02-21,5513.0
2013-07-18,4664.0
2021-03-28,3993.0
2013-11-25,4482.0
2012-11-24,5321.0
2018-07-27,4700.0
2019-03-28,5079.0
2020-09-20,4147.0
2012-01-14,4842.0
2012-04-25,4417.0
2019-11-19,3415.0
2015-03-21,3954.0
2013-10-12,5289.0
2017-12-08,4595.0
2010-08-24,4872.0
2021-06-17,4038.0
2010-01-25,4994.0
2017-12-16,4944.0
2010-03-22,4747.0
2011-08-04,5154.0
2021-09-28,5415.0
2018-12-23,4718.0
2019-01-30,4685.0
2011-06-30,5149.0
2014-09-28,4442.0
2012-07-03,4879.0
2014-09-25,5007.0
2020-05-15,5539.0
2018-10-10,4112.0
2018-10-21,5092.0
2014-03-02,5201.0
2019-05-15,5078.0
2010-09-07,5206.0
2010-02-05,5392.0
2020-11-29,4791.0
2010-07-23,4997.0
2015-11-05,4722.0
2014-07-12,4932.0
2018-11-16,4808.0
2015-10-14,5072.0
2015-02-05,5490.0
2019-01-12,5862.0
2020-06-29,5105.0
2015-11-19,4776.0
2011-08-21,4974.0
2017-10-11,4973.0
2015-08-17,5194.0
2019-01-25,4919.0
2013-08-20,5179.0
2013-07-01,4979.0
2013-07-13,5855.0
2013-07-31,5116.0
2011-12-15,4101.0
2017-08-31,5650.0
2017-11-25,5625.0
2016-09-05,5348.0
2016-04-14,5025.0
2010-04-10,3830.0
2013-04-26,4475.0
2011-01-11,4395.0
2019-08-06,5214.0
2021-02-27,4425.0
2014-11-28,5030.0
2018-06-01,4976.0
2014-08-12,4627.0
2018-09-18,4208.0
2018-05-29,5193.0
2010-06-20,5348.0
2018-02-05,4583.0
2019-02-10,5036.0
2019-04-02,4679.0
2011-07-25,4571.0
2011-06-09,5254.0
2016-11-13,4977.0
2017-06-10,4464.0
2019-08-08,5162.0
2012-07-19,3609.0
2019-04-28,4421.0
2017-11-30,4961.0
2021-09-18,5910.0
2018-02-19,5135.0
2021-06-14,5024.0
2019-12-14,4885.0
2021-11-30,4388.0
2011-08-29,4550.0
2010-03-17,4004.0
2015-08-05,4779.0
2014-05-03,5334.0
2018-02-23,4009.0
2010-05-27,4194.0
2011-06-22,6834.0
2017-12-22,4993.0
2021-08-11,4613.0
2016-10-01,4280.0
2020-05-19,5215.0
2021-10-06,5315.0
2010-10-01,4385.0
2015-10-12,4141.0
2020-06-10,4398.0
2013-12-03,4553.0
2012-10-11,5444.0
2010-04-29,4783.0
2015-06-09,4824.0
2021-05-16,5488.0
2014-11-18,5281.0
2018-08-07,5867.0
2020-06-12,5427.0
2020-11-18,4849.0
2020-05-09,6629.0
2016-06-10,4417.0
2021-12-29,4983.0
2019-02-28,4365.0
2013-10-16,4060.0
2011-07-02,5304.0
2014-07-03,4422.0
2010-11-30,4813.0
2016-06-07,4426.0
2011-09-04,4321.0
2018-04-18,3905.0
2013-12-09,4271.0
2012-11-21,5852.0
2021-07-02,4195.0
2018-02-08,4187.0
2014-03-29,5058.0
2018-02-10,5484.0
2014-10-24,4830.0
2016-09-15,4887.0
2016-10-04,5033.0
2018-12-27,4468.0
2012-11-16,4454.0
2012-08-02,4246.0
2014-06-18,4642.0
2015-01-30,5120.0
2019-07-07,4125.0
2013-06-03,4215.0
2015-03-10,6784.0
2021-04-16,4695.0
2012-05-15,4988.0
2020-01-20,5398.0
2010-05-09,5048.0
2012-07-22,4694.0
2018-05-14,4630.0
2011-11-17,4330.0
2021-04-15,4585.0
2020-02-04,3964.0
2017-05-19,5465.0
2010-06-14,4437.0
2012-10-24,4361.0
2015-02-08,4546.0
2016-09-16,5002.0
2010-03-04,5645.0
2013-09-03,5413.0
2017-07-08,4202.0
2021-09-07,4741.0
2021-05-01,3987.0
2015-06-26,5018.0
2010-07-11,4502.0
2013-07-15,5346.0
2013-08-30,5715.0
2020-04-16,4972.0
2017-06-16,4542.0
2016-08-16,4732.0
2020-03-23,3193.0
2016-06-19,5184.0
2010-03-15,4743.0
2019-06-05,4982.0
2013-04-10,3977.0
2021-07-08,4265.0
2011-09-09,4743.0
2019-02-14,4910.0
2014-06-15,4328.0
2015-08-28,4553.0
2014-10-29,3970.0
2013-07-29,5504.0
2011-10-28,5972.0
2018-12-18,4564.0
2012-04-28,5851.0
2020-05-26,4569.0
2014-01-18,5184.0
2015-10-21,5074.0
2019-05-08,3076.0
2017-12-14,4417.0
2021-10-08,5234.0
2010-07-22,5678.0
2016-12-05,4050.0
2018-06-13,3780.0
2013-06-21,5367.0
2018-03-24,5739.0
2012-03-14,4833.0
2019-11-04,4632.0
2011-04-15,4689.0
2021-04-02,3408.0
2013-05-12,5473.0
2019-05-26,5644.0
2017-03-24,4909.0
2013-03-25,4742.0
2020-01-16,5714.0
2021-06-12,3738.0
2021-09-23,5431.0
2012-05-10,4251.0
2017-02-17,3490.0
2021-09-24,4182.0
2010-07-24,5070.0
2017-09-07,4968.0
2019-05-30,5082.0
2013-05-04,4909.0
2019-03-15,5952.0
2010-07-15,4980.0
2020-12-16,4406.0
2016-05-03,4439.0
2012-12-28,4356.0
2013-11-17,5093.0
2016-03-24,4833.0
2016-05-04,5546.0
2015-08-26,5203.0
2016-10-05,5038.0
2015-02-26,4896.0
2011-06-18,4854.0
2016-03-11,4852.0
2013-04-04,4277.0
2012-07-01,4552.0
2015-10-08,5155.0
2021-10-18,5086.0
2020-05-02,5506.0
2011-06-17,4707.0
2013-11-29,4869.0
2014-12-22,4630.0
2014-01-05,4428.0
2021-04-20,5565.0
2011-07-26,5060.0
2010-12-03,4960.0
2014-11-27,4285.0
2014-04-18,4388.0
2010-08-12,5301.0
2011-11-05,4387.0
2014-03-19,4795.0
2021-04-27,6358.0
2020-02-14,3892.0
2020-11-01,4836.0
2015-11-13,4272.0
2015-09-11,6254.0
2017-06-23,4773.0
2013-07-28,4764.0
2020-02-10,3928.0
2019-12-15,4708.0
2018-02-01,4369.0
2021-03-05,4671.0
2019-11-15,5426.0
2017-02-07,4582.0
2011-10-08,4752.0
2014-11-17,5434.0
2021-09-02,4790.0
2014-07-26,4720.0
2013-02-26,5720.0
2010-11-12,4715.0
2017-04-09,4422.0
2017-01-31,5956.0
2018-11-11,5438.0
2018-06-19,4904.0
2010-12-23,4349.0
2012-10-30,4668.0
2021-06-19,5264.0
2013-12-06,5757.0
2011-11-06,4350.0
2010-03-05,4768.0
2020-07-13,4928.0
2010-05-13,5755.0
2010-09-27,5447.0
2016-04-24,4733.0
2013-11-08,5438.0
2015-04-13,4369.0
2016-10-16,4850.0
2016-04-22,4641.0
2020-04-23,4864.0
2011-12-06,4960.0
2019-10-25,4054.0
2019-08-28,5352.0
2012-04-06,4309.0
2018-07-29,4345.0
2018-09-12,5854.0
2017-06-05,4866.0
2020-05-10,5057.0
2021-01-17,4679.0
2012-04-26,4974.0
2014-04-19,4343.0
2015-04-01,4212.0
2013-11-27,4466.0
2021-05-30,3939.0
2012-07-04,4829.0
2017-12-01,5036.0
2019-12-16,5844.0
2018-10-30,4991.0
2014-10-06,5403.0
2019-05-20,5767.0
2020-03-05,5025.0
2010-06-01,4981.0
2015-07-26,5031.0
2015-07-23,4531.0
2015-04-12,3867.0
2016-02-13,4952.0
2014-08-25,5812.0
2019-10-11,3997.0
2015-07-12,4755.0
2011-04-26,4693.0
2013-01-23,6024.0
2021-09-21,5066.0
2021-01-26,4492.0
2013-01-12,4660.0
2021-02-25,3964.0
2015-07-13,5461.0
2013-11-19,4909.0
2021-03-01,4523.0
2015-12-28,4658.0
2019-03-21,5006.0
2018-10-13,5337.0
2010-09-15,4321.0
2013-07-02,5279.0
2021-02-06,4739.0
2011-08-31,5473.0
2020-06-02,4988.0
2021-04-06,5561.0
2010-12-11,4223.0
2010-10-28,4565.0
2017-07-17,5064.0
2012-01-13,4976.0
2020-12-31,4919.0
2015-05-09,5433.0
2017-12-30,4497.0
2011-12-10,4892.0
2011-07-29,5322.0
2012-06-15,4556.0
2021-08-17,4403.0
2020-10-28,5417.0
2010-09-23,4591.0
2016-08-06,4200.0
2018-09-28,4359.0
2014-08-11,4544.0
2010-03-09,5377.0
2019-02-27,4869.0
2013-06-11,4485.0
2015-12-13,5077.0
2010-08-08,5076.0
2016-10-12,5508.0
2010-11-08,5459.0
2016-04-21,4337.0
2011-04-24,5521.0
2011-02-15,5299.0
2014-05-08,5270.0
2011-08-23,5576.0
2014-10-14,5080.0
2015-03-27,4549.0
2013-03-07,4924.0
2013-04-12,4497.0
2016-05-27,6056.0
2014-10-31,4607.0
2011-04-17,4135.0
2020-03-03,4713.0
2016-09-23,4918.0
2012-03-01,4971.0
2010-01-29,4637.0
2011-09-29,4113.0
2017-09-15,5396.0
2017-04-06,4702.0
2014-05-16,4970.0
2015-10-10,5049.0
2013-05-22,3918.0
2019-02-06,5919.0
2021-10-10,3754.0
2020-01-29,5799.0
2016-02-25,4917.0
2020-07-30,4764.0
2019-09-04,5487.0
2020-12-26,4313.0
2016-09-13,4596.0
2019-05-25,5301.0
2016-07-16,4513.0
2018-11-01,5457.0
2011-03-30,5295.0
2017-12-03,5738.0
2014-05-14,4865.0
2014-06-02,3789.0
2016-06-21,4795.0
2019-11-02,4573.0
2010-02-23,4867.0
2021-11-29,5134.0
2015-11-12,5358.0
2014-03-20,4442.0
2013-11-07,5043.0
2011-01-20,5089.0
2015-05-12,4401.0
2020-08-12,4856.0
2013-01-31,4317.0
2013-08-04,6246.0
2016-11-06,3700.0
2010-10-27,4852.0
2015-12-31,5320.0
2015-06-20,4462.0
2014-01-01,4938.0
2020-12-07,4615.0
2020-04-27,4158.0
2019-01-18,5174.0
2018-04-27,4894.0
2021-05-07,4532.0
2018-10-09,5126.0
2021-12-27,4660.0
2014-08-09,4629.0
2010-06-02,5206.0
2018-04-28,4797.0
2019-03-18,4296.0
2018-01-08,4465.0
2013-03-16,4562.0
2013-03-14,5200.0
2010-10-18,3819.0
2015-07-19,4664.0
2021-05-04,4685.0
2017-08-15,5625.0
2018-06-16,5456.0
2018-07-19,4289.0
2013-03-21,5230.0
2015-03-02,5229.0
2013-12-24,4726.0
2013-03-27,5381.0
2013-06-25,4939.0
2016-05-30,5238.0
2012-09-18,4527.0
2017-09-28,5315.0
2015-05-26,5800.0
2021-03-13,4565.0
2018-04-03,4671.0
2012-08-06,4896.0
2016-01-14,4599.0
2016-05-17,5477.0
2021-12-24,4102.0
2020-09-01,4586.0
2021-06-15,4639.0
2019-06-07,5054.0
2019-10-08,5399.0
2019-02-20,4425.0
2019-04-09,4638.0
2015-12-06,4440.0
2016-08-18,5759.0
2016-03-09,5342.0
2013-09-27,4672.0
2012-06-24,4583.0
2016-01-07,3547.0
2021-11-10,4605.0
2019-09-17,5161.0
2011-07-24,4673.0
2021-10-21,5024.0
2013-10-29,5275.0
2012-01-01,4785.0
2011-07-14,4376.0
2019-04-27,4445.0
2016-04-15,5221.0
2018-03-21,4863.0
2014-06-30,4873.0
2014-03-23,4372.0
2015-01-26,4622.0
2019-11-17,5656.0
2013-01-02,4704.0
2016-03-25,4178.0
2015-03-29,4141.0
2016-11-29,4847.0
2012-06-29,4970.0
2010-04-22,3739.0
2016-09-25,4962.0
2012-12-04,5288.0
2020-05-08,5242.0
2012-06-07,5284.0
2012-01-06,6014.0
2012-11-27,5183.0
2017-02-22,5935.0
2020-10-14,4613.0
2011-06-08,5480.0
2014-04-14,4717.0
2015-03-26,5270.0
2012-05-04,5343.0
2020-12-19,4378.0
2010-06-04,4740.0
2017-03-29,5301.0
2019-12-24,5432.0
2011-04-01,5209.0
2013-11-13,5388.0
2010-03-18,4284.0
2018-09-21,4877.0
2020-12-01,4223.0
2011-10-02,4088.0
2018-05-03,4719.0
2016-08-05,4885.0
2021-03-27,4714.0
2014-11-09,3986.0
2015-02-25,4296.0
2018-05-22,5382.0
2020-05-16,5165.0
2021-11-20,5038.0
2014-01-04,6142.0
2019-01-23,5617.0
2010-12-25,4427.0
2019-10-28,4714.0
2014-12-27,5387.0
2019-11-14,5234.0
2011-12-31,5163.0
2016-07-23,5117.0
2021-06-26,5784.0
2016-03-02,5249.0
2012-03-09,5164.0
2021-04-24,4913.0
2018-04-15,4486.0
2020-09-03,6202.0
2013-11-30,4558.0
2017-02-14,4898.0
2017-10-05,5249.0
2018-08-14,4712.0
2013-03-17,5212.0
2010-08-05,5198.0
2018-06-22,4433.0
2021-12-12,5183.0
2015-02-11,4735.0
2016-04-26,4378.0
2017-05-13,4559.0
2012-02-03,4631.0
2015-09-27,4321.0
2017-12-05,5595.0
2012-09-22,5580.0
2019-12-13,3679.0
2013-10-15,4683.0
2020-07-05,4073.0
2016-08-02,5224.0
2011-10-19,4710.0
2021-01-14,5118.0
2016-08-20,5119.0
2013-09-01,4595.0
2021-10-14,5893.0
2012-10-10,4755.0
2014-04-10,5436.0
2013-09-10,4544.0
2012-04-12,5133.0
2018-12-26,5216.0
2019-12-22,4409.0
2017-10-16,5163.0
2014-09-22,5028.0
2016-12-19,5460.0
2015-05-17,4379.0
2012-02-13,5136.0
2013-12-29,4793.0
2010-02-25,4839.0
2018-08-01,4829.0
2011-01-14,4359.0
2014-01-13,4410.0
2018-08-24,5281.0
2016-02-06,4316.0
2016-10-20,4544.0
2010-03-07,4754.0
2014-12-12,4450.0
2019-06-23,5059.0
2015-11-16,4990.0
2014-05-07,4521.0
2010-09-10,4612.0
2012-08-31,4440.0
2021-08-29,4789.0
2018-05-06,4023.0
2012-01-22,4396.0
2011-01-22,5306.0
2021-06-06,5150.0
2015-07-10,4219.0
2012-03-04,4933.0
2010-08-02,5557.0
2020-04-20,5041.0
2021-02-12,5086.0
2021-08-31,5304.0
2021-12-05,5182.0
2020-07-21,5096.0
2013-05-20,4831.0
2010-06-22,4138.0
2016-02-29,5449.0
2013-12-02,4759.0
2010-04-19,4550.0
2019-07-15,5006.0
2017-06-09,5017.0
2018-10-15,5046.0
2012-09-13,5404.0
2020-11-04,4413.0
2012-09-06,5682.0
2018-02-24,5162.0
2014-08-16,4685.0
2018-01-13,3944.0
2013-11-15,5644.0
2012-11-11,6270.0
2021-05-22,4607.0
2013-06-17,5041.0
2020-03-11,6263.0
2018-11-26,4751.0
2014-04-11,4371.0
2019-04-20,4784.0
2020-02-01,4880.0
2013-07-07,4882.0
2016-11-17,4515.0
2021-09-10,3969.0
2021-12-15,4416.0
2019-11-26,4824.0
2021-06-07,4671.0
2013-11-23,5228.0
2020-12-09,4304.0
2017-12-21,5987.0
2018-04-21,3503.0
2010-02-01,5558.0
2016-05-13,5195.0
2010-12-29,4573.0
2011-08-27,5244.0
2019-05-29,4519.0
2017-08-16,4896.0
2015-12-17,5313.0
2021-07-22,5408.0
2021-02-04,5003.0
2016-11-16,4809.0
2015-10-23,5781.0
2011-10-24,3896.0
2014-04-15,4764.0
2014-05-19,4716.0
2014-09-10,4090.0
2011-02-24,4563.0
2020-07-06,5240.0
2014-01-10,5166.0
2018-04-05,5169.0
2010-04-20,5325.0
2015-11-11,5440.0
2010-01-05,6493.0
2012-11-10,5268.0
2011-12-02,4843.0
2014-05-05,4970.0
2015-11-01,5247.0
2018-02-07,4634.0
2016-03-10,4503.0
2019-06-13,4150.0
2020-04-02,4772.0
2015-08-08,5504.0
2021-04-19,4933.0
2012-12-14,4707.0
2012-09-20,5660.0
2021-01-13,5218.0
2014-07-11,4740.0
2020-12-29,4561.0
2012-10-22,5506.0
2017-06-13,4335.0
2020-10-22,5442.0
2015-12-12,5182.0
2017-07-13,4529.0
2011-03-26,4723.0
2012-07-06,4949.0
2016-02-14,4799.0
2016-05-05,5684.0
2020-08-11,4926.0
2021-02-28,5887.0
2020-01-31,4589.0
2014-12-29,4617.0
2012-08-09,4553.0
2015-08-22,5324.0
2010-03-20,4142.0
2014-02-08,3798.0
2018-11-19,4881.0
2016-05-19,5155.0
2016-03-31,4990.0
2014-02-12,4051.0
2014-10-07,5106.0
2012-09-07,4795.0
2017-09-12,5719.0
2014-07-17,4938.0
2021-12-07,5023.0
2021-05-13,5293.0
2016-11-21,4570.0
2010-11-09,5055.0
2015-12-09,5637.0
2014-01-03,3781.0
2017-09-17,4133.0
2013-08-27,6083.0
2017-08-07,5416.0
2018-12-03,4426.0
2020-09-06,4688.0
2020-07-02,4604.0
2021-07-14,4958.0
2017-10-01,3591.0
2016-08-25,4767.0
2012-11-07,4635.0
2016-01-27,5471.0
2021-05-15,5530.0
2016-12-28,4867.0
2019-03-26,5134.0
2020-05-17,5573.0
2014-04-02,5039.0
2013-10-10,4512.0
2010-01-16,5383.0
2014-04-29,4888.0
2014-12-19,3982.0
2014-06-29,4539.0
2019-09-23,4186.0
2021-05-27,5719.0
2010-08-29,5339.0
2015-06-07,4267.0
2013-12-19,4607.0
2012-04-11,5085.0
2012-03-27,4366.0
2010-03-26,4849.0
2019-10-15,5606.0
2013-10-31,4154.0
2019-06-03,5543.0
2017-06-19,4962.0
2016-04-29,5592.0
2017-07-24,4692.0
2018-03-02,5481.0
2011-01-12,4658.0
2015-01-09,4487.0
2015-11-09,4353.0
2012-04-05,4827.0
2018-11-06,5252.0
2014-10-30,4451.0
2020-01-06,4430.0
2014-07-01,4606.0
2010-05-24,4344.0
2011-07-03,4956.0
2020-01-10,4520.0
2021-07-06,4732.0
2011-04-03,5361.0
2010-11-16,4477.0
2011-10-15,5534.0
2010-03-13,4234.0
2013-02-17,4620.0
2011-12-05,5188.0
2013-08-29,4905.0
2021-06-24,4471.0
2014-04-30,5233.0
2018-09-10,4688.0
2013-01-16,4444.0
2021-11-18,4823.0
2017-01-10,4419.0
2011-03-29,4951.0
2020-07-23,4891.0
2019-03-16,4162.0
2018-03-29,5325.0
2010-09-04,4690.0
2015-01-24,5581.0
2017-08-04,3602.0
2019-10-18,4673.0
2016-09-09,4577.0
2011-04-02,4441.0
2010-10-06,5338.0
2013-07-21,5530.0
2017-02-16,5516.0
2017-08-29,5787.0
2016-05-22,5417.0
2010-04-05,4083.0
2011-01-21,5749.0
2015-04-11,4984.0
2016-10-24,5086.0
2013-10-20,4962.0
2019-08-16,4668.0
2019-08-31,5507.0
2016-01-03,5610.0
2014-05-22,5077.0
2011-09-18,5159.0
2010-02-27,5274.0
2017-04-04,6037.0
2017-02-01,6434.0
2017-01-20,4368.0
2018-04-11,6210.0
2021-06-10,5629.0
2020-07-24,4876.0
2016-03-12,4611.0
2016-04-16,4246.0
2019-01-04,4672.0
2012-08-20,4317.0
2019-01-21,4722.0
2014-02-15,4837.0
2012-07-08,4519.0
2021-08-24,4456.0
2010-12-22,5114.0
2017-12-11,5209.0
2012-06-26,5977.0
2018-12-29,5161.0
2010-09-22,4587.0
2012-08-27,5082.0
2011-11-27,4296.0
2016-01-10,4306.0
2014-11-10,4449.0
2012-07-10,4745.0
2014-05-15,5583.0
2010-03-14,5074.0
2014-09-04,4855.0
2018-01-24,5257.0
2015-11-23,3987.0
2020-11-02,4934.0
2014-07-09,4089.0
2020-10-16,4306.0
2019-08-23,4955.0
2012-04-02,5276.0
2021-06-02,5345.0
2020-07-08,5090.0
2020-02-25,4966.0
2020-11-03,5011.0
2010-01-15,5115.0
2013-05-26,3835.0
2019-10-24,4833.0
2010-07-29,5094.0
2010-09-20,3973.0
2015-03-28,4542.0
2021-02-17,6069.0
2018-05-08,4578.0
2015-05-14,4824.0
2010-03-24,4779.0
2017-03-04,4502.0
2014-12-24,4851.0
2017-04-03,5060.0
2018-09-06,5132.0
2017-11-13,5867.0
2021-04-23,4417.0
2014-01-22,5672.0
2010-02-15,5093.0
2017-02-24,5491.0
2011-07-16,4609.0
2021-02-11,4611.0
2012-01-16,5312.0
2017-07-26,4729.0
2010-08-10,4975.0
2015-07-11,5329.0
2012-11-17,4297.0
2010-09-21,4581.0
2019-01-10,4836.0
2011-03-20,4789.0
2010-02-08,4967.0
2013-08-21,4855.0
2010-05-23,4973.0
2016-01-31,4626.0
2017-12-26,6025.0
2021-02-05,4702.0
2015-04-24,4541.0
2017-11-21,4588.0
2012-09-08,4751.0
2019-07-27,6015.0
2017-10-19,4715.0
2018-01-10,4729.0
2019-08-17,4766.0
2010-01-30,4900.0
2014-06-10,4890.0
2018-05-12,4921.0
2018-09-02,4222.0
2012-12-07,5132.0
2017-06-22,5094.0
2020-11-06,4425.0
2018-10-18,5715.0
2011-02-02,5472.0
2015-11-03,4628.0
2018-01-30,5402.0
2015-09-13,5262.0
2013-03-26,5563.0
2014-05-21,3725.0
2010-03-10,4310.0
2018-07-16,5958.0
2016-02-22,4469.0
2018-10-03,5277.0
2021-06-01,4714.0
2021-01-21,4863.0
2018-10-24,4563.0
2018-12-19,5906.0
2011-09-06,5122.0
2015-04-05,4837.0
2014-05-10,5496.0
2010-05-19,3869.0
2010-12-16,5120.0
2010-09-11,4904.0
2012-07-29,4358.0
2018-08-22,4862.0
2017-08-09,5077.0
2021-08-23,4454.0
2019-05-31,4989.0
2021-11-12,4869.0
2021-03-23,5112.0
2013-03-11,5476.0
2019-04-24,3889.0
2012-06-20,5134.0
2014-09-16,4286.0
2016-08-08,5426.0
2010-03-21,4840.0
2013-12-16,4595.0
2013-04-25,4190.0
2011-10-23,5006.0
2019-07-25,4348.0
2013-10-19,4520.0
2020-09-16,3884.0
2010-05-28,3821.0
2013-09-16,5194.0
2017-12-15,4486.0
2017-06-06,5870.0
2019-09-08,4600.0
2019-11-30,4437.0
2020-12-23,5634.0
2017-08-18,4751.0
2014-10-01,5420.0
2013-10-22,4782.0
2015-01-12,4890.0
2012-05-26,5451.0
2018-04-17,4536.0
2011-07-06,5375.0
2016-04-09,4048.0
2011-03-10,4012.0
2013-12-07,5592.0
2021-06-20,4181.0
2012-01-26,5496.0
2017-12-07,4678.0
2017-05-18,4466.0
2019-03-03,5458.0
2018-08-11,4116.0
2011-04-09,4724.0
2014-10-28,4564.0
2020-12-10,5118.0
2017-12-13,4604.0
2021-04-25,5338.0
2010-05-16,4578.0
2015-12-30,4380.0
2019-01-14,5856.0
2015-12-01,5324.0
2019-10-06,4418.0
2020-05-03,4927.0
2014-05-13,4210.0
2020-01-27,5174.0
2020-08-18,5077.0
2015-05-03,5616.0
2014-08-31,4238.0
2012-07-17,5058.0
2018-03-05,5614.0
2011-07-11,4320.0
2010-03-25,4782.0
2012-01-27,4742.0
2021-05-18,4500.0
2015-03-25,4833.0
2013-07-23,4647.0
2016-10-08,4597.0
2012-09-17,5294.0
2012-08-17,5132.0
2012-03-29,5685.0
2021-03-15,5171.0
2017-10-24,4111.0
2014-10-20,4813.0
2014-07-02,5597.0
2019-01-05,4352.0
2010-10-22,4737.0
2015-07-14,5293.0
2014-01-14,3756.0
2015-01-17,5312.0
2012-05-25,5007.0
2018-03-16,5141.0
2019-01-28,5406.0
2011-01-13,4685.0
2011-09-30,4263.0
2012-04-24,5689.0
2020-09-23,4631.0
2013-09-06,4596.0
2016-11-28,4881.0
2021-08-01,4135.0
2012-06-09,5547.0
2012-04-14,4868.0
2019-08-15,4785.0
2019-08-19,3884.0
2012-03-24,4620.0
2013-06-06,4204.0
2012-09-16,5619.0
2020-12-12,5321.0
2016-01-19,5400.0
2013-06-23,5386.0
2018-12-10,6393.0
2010-05-10,5329.0
2021-05-14,4129.0
2019-04-12,4973.0
2010-12-05,4730.0
2019-08-11,4616.0
2013-03-09,3750.0
2014-03-05,5220.0
2021-08-28,4746.0
2010-06-16,5467.0
2014-07-24,4158.0
2016-05-15,4018.0
2020-03-25,4931.0
2014-09-19,4401.0
2014-06-19,5140.0
2019-04-07,5363.0
2012-07-18,4853.0
2017-03-22,4471.0
2019-09-29,4616.0
2010-01-11,4495.0
2019-01-26,5194.0
2021-09-08,5271.0
2020-01-26,5198.0
2021-02-22,4978.0
2016-09-11,4815.0
2012-03-30,4230.0
2011-09-14,4367.0
2017-06-01,5289.0
2012-06-12,5058.0
2012-05-21,5456.0
2016-06-08,5471.0
2020-05-27,5298.0
2017-01-25,4754.0
2014-09-26,4731.0
2012-06-13,5013.0
2010-03-29,4186.0
2011-09-27,4744.0
2021-06-09,4760.0
2016-03-04,5321.0
2013-08-08,4764.0
2019-09-03,4124.0
2015-09-04,5445.0
2020-06-08,4745.0
2012-06-19,4724.0
2020-04-18,4345.0
2015-04-19,4845.0
2018-09-13,4143.0
2017-08-02,4209.0
2015-10-17,5439.0
2014-03-26,5432.0
2015-02-22,5473.0
2020-06-07,4338.0
2019-03-22,4882.0
2011-07-18,4127.0
2014-03-01,3894.0
2011-02-28,4534.0
2015-01-25,4289.0
2010-07-09,4872.0
2015-02-23,4299.0
2015-03-30,5106.0
2013-12-21,5940.0
2017-10-23,4961.0
2013-05-10,5133.0
2018-12-30,4100.0
2013-03-03,4759.0
2012-07-11,4408.0
2014-08-22,5325.0
2012-12-21,5077.0
2020-07-18,5541.0
2015-06-10,4531.0
2012-06-25,4618.0
2013-02-18,4905.0
2018-09-27,4770.0
2014-04-20,5540.0
2018-12-15,4819.0
2011-03-11,4987.0
2011-07-15,4180.0
2015-08-29,5543.0
2021-07-25,5235.0
2019-10-01,4404.0
2015-05-04,5386.0
2021-02-01,4586.0
2016-08-14,5152.0
2011-08-15,5222.0
2020-12-05,4658.0
2011-03-19,4941.0
2018-06-20,4834.0
2019-12-21,3855.0
2016-05-21,4452.0
2018-09-09,4214.0
2021-10-03,5624.0
2015-12-15,5781.0
2015-08-18,4534.0
2020-05-04,5112.0
2010-03-08,3973.0
2021-08-12,5148.0
2013-11-06,5296.0
2021-12-03,4943.0
2018-02-27,4725.0
2021-03-31,4569.0
2010-07-28,5139.0
2010-12-01,5234.0
2011-08-18,5255.0
2020-02-22,4656.0
2010-11-14,3756.0
2019-09-21,5031.0
2010-05-15,5055.0
2013-12-05,5334.0
2021-11-23,6017.0
2016-09-10,4766.0
2018-06-18,4215.0
2018-11-24,5029.0
2010-12-20,5005.0
2013-08-26,5239.0
2019-11-20,4338.0
2010-06-29,4870.0
2021-12-06,5091.0
2013-01-22,4429.0
2012-03-06,5093.0
2011-10-26,4306.0
2018-08-13,4909.0
2019-12-27,4922.0
2012-05-12,4836.0
2012-02-09,4467.0
2010-07-13,5457.0
2010-01-03,3991.0
2014-05-09,4892.0
2020-11-25,4868.0
2020-04-11,4487.0
2019-02-24,5006.0
2013-10-13,5482.0
2013-09-02,4280.0
2013-02-11,4658.0
2013-06-15,4466.0
2014-11-12,4956.0
2016-04-01,4230.0
2017-11-05,5040.0
2015-03-14,5128.0
2011-09-02,4597.0
2020-06-16,4813.0
2015-09-21,5511.0
2021-07-24,5538.0
2015-11-15,4011.0
2013-03-20,5734.0
2018-08-10,5065.0
2010-12-06,5232.0
2018-06-12,4737.0
2011-10-30,3478.0
2016-10-13,4812.0
2015-01-21,4567.0
2019-01-24,4979.0
2014-10-13,4843.0
2011-11-11,4595.0
2014-10-05,5724.0
2014-08-17,4239.0
2017-07-31,4355.0
2020-09-17,5620.0
2014-11-30,5634.0
2016-07-15,5621.0
2011-07-31,4556.0
2015-12-24,5146.0
2014-11-06,5164.0
2010-11-27,4509.0
2011-03-22,4972.0
2010-10-24,5735.0
2016-08-24,4116.0
2021-09-09,4640.0
2020-11-13,4626.0
2015-06-29,5263.0
2020-06-24,5449.0
2017-09-22,5085.0
2012-05-23,4543.0
2018-01-19,5789.0
2018-05-27,4418.0
2012-06-30,5855.0
2019-03-14,5014.0
2017-03-20,5010.0
2013-11-20,4567.0
2014-04-25,4540.0
2020-08-07,6167.0
2014-08-18,4381.0
2016-02-21,5986.0
2019-08-12,4887.0
2018-12-28,4281.0
2016-09-27,5473.0
2014-03-15,5654.0
2019-06-12,4772.0
2011-04-21,4747.0
2018-11-30,4255.0
2010-03-12,4971.0
2019-10-17,6066.0
2015-09-02,5036.0
2014-06-21,4663.0
2020-11-07,5118.0
2015-12-04,6020.0
2012-11-23,4815.0
2021-05-02,4761.0
2015-12-03,3807.0
2016-11-19,5165.0
2014-04-21,5208.0
2018-04-26,3824.0
2014-03-10,4424.0
2014-06-16,4916.0
2018-11-28,5711.0
2012-03-28,5306.0
2012-08-12,4208.0
2020-01-14,5677.0
2018-12-06,5833.0
2014-01-12,4318.0
2011-05-13,3858.0
2011-08-30,4563.0
2020-12-18,4671.0
2018-05-19,4917.0
2019-09-26,4378.0
2012-03-23,4493.0
2015-02-07,4763.0
2016-01-26,3968.0
2010-05-18,4675.0
2017-10-22,4832.0
2013-04-03,4401.0
2012-06-05,4784.0
2013-02-08,5001.0
2014-11-04,4314.0
2019-04-13,4717.0
2018-08-15,4624.0
2014-11-20,4631.0
2016-03-17,5425.0
2016-07-17,4256.0
2018-10-11,5595.0
2013-10-08,4889.0
2013-02-23,5236.0
2018-07-30,5061.0
2011-05-27,4735.0
2010-07-20,4131.0
2019-09-20,5503.0
2020-10-04,5360.0
2010-11-04,5361.0
2020-10-19,4951.0
2014-07-28,4404.0
2010-06-27,5987.0
2016-07-26,3938.0
2020-03-31,4490.0
2015-06-30,5527.0
2016-02-17,4859.0
2016-11-07,4577.0
2011-03-31,5859.0
2016-02-20,4454.0
2018-07-14,4441.0
2020-10-30,4818.0
2011-10-03,5164.0
2015-10-28,5135.0
2021-02-13,4781.0
2011-11-02,5439.0
2018-07-09,5406.0
2012-08-15,4658.0
2020-12-11,5559.0
2014-09-15,4668.0
2017-12-28,5426.0
2015-07-31,4601.0
2021-11-06,4869.0
2019-04-23,4597.0
2015-05-02,5051.0
2018-10-26,4612.0
2019-02-08,5977.0
2015-10-30,5142.0
2012-04-19,5622.0
2010-05-03,6033.0
2016-12-02,4229.0
2018-08-26,4590.0
2011-07-01,4926.0
2020-08-24,4375.0
2010-11-07,4437.0
2018-10-14,5079.0
2021-01-18,5367.0
2011-01-15,4471.0
2013-02-13,3487.0
2019-05-09,5005.0
2016-08-31,5220.0
2011-04-18,5118.0
2016-09-03,5023.0
2011-04-30,5471.0
2017-10-12,4881.0
2013-12-10,4882.0
2020-06-25,5153.0
2011-02-04,6165.0
2017-12-27,5315.0
2020-08-01,4960.0
2014-06-01,4153.0
2018-03-17,4984.0
2011-03-09,5717.0
2020-03-27,5063.0
2013-01-01,5033.0
2017-09-04,4570.0
2012-09-25,4974.0
2020-10-13,4320.0
2013-01-05,4641.0
2010-07-05,4503.0
2015-07-09,5390.0
2019-11-23,3593.0
2013-10-27,4801.0
2010-07-16,4925.0
2015-02-13,5075.0
2011-02-06,4562.0
2012-10-12,4535.0
2015-06-23,3660.0
2015-11-10,4670.0
2016-06-16,5101.0
2011-01-25,4532.0
2018-09-11,5169.0
2013-08-01,4139.0
2017-03-17,6619.0
2011-04-13,5129.0
2011-11-16,4767.0
2011-11-08,4107.0
2017-11-09,4524.0
2015-03-13,5503.0
2018-09-25,4548.0
2018-01-20,4970.0
2018-08-31,4871.0
2015-08-30,5325.0
2017-11-12,4253.0
2016-03-14,4575.0
2011-11-20,5040.0
2018-07-15,5734.0
2016-04-18,3752.0
2018-01-25,4911.0
2018-02-11,4649.0
2012-12-26,4857.0
2019-04-19,4689.0
2018-06-30,5509.0
2021-03-12,5154.0
2012-05-16,4842.0
2017-09-25,4672.0
2019-12-31,4498.0
2017-08-20,5351.0
2016-03-01,4508.0
2021-12-10,4740.0
2015-05-24,5333.0
2021-01-16,5128.0
2013-04-27,6056.0
2014-03-14,4764.0
2011-04-28,4250.0
2014-01-06,4438.0
2012-07-09,4878.0
2011-08-12,5370.0
2016-06-09,4681.0
2018-04-09,4673.0
2018-09-16,4559.0
2019-04-17,5635.0
2015-04-18,4437.0
2021-02-03,5452.0
2013-02-06,4217.0
2021-10-19,4265.0
2015-05-25,4074.0
2012-09-10,5455.0
2010-09-02,4543.0
2017-07-20,4479.0
2016-12-23,4727.0
2013-02-28,4779.0
2013-09-13,4239.0
2010-06-07,4903.0
2011-06-23,3769.0
2015-07-28,4383.0
2020-05-20,6205.0
2018-06-21,4606.0
2017-02-15,5042.0
2021-01-15,5202.0
2017-04-11,5246.0
2014-06-24,5107.0
2013-06-24,5120.0
2013-12-20,4875.0
2014-01-02,5585.0
2011-06-27,4949.0
2011-02-09,4239.0
2020-04-29,4773.0
2013-11-03,4408.0
2016-01-04,5206.0
2019-09-11,4866.0
2016-01-01,5007.0
2013-03-24,4970.0
2013-10-09,5952.0
2020-04-08,4165.0
2018-06-25,4963.0
2014-10-22,4808.0
2017-11-26,4295.0
2010-01-23,5223.0
2011-02-08,4508.0
2017-03-15,4543.0
2016-03-22,4712.0
2019-07-08,5219.0
2020-07-17,4672.0
2015-10-06,5267.0
2014-02-04,4839.0
2016-09-22,5333.0
2020-05-13,4399.0
2018-08-17,5514.0
2021-08-16,4694.0
2020-04-28,4502.0
2012-08-11,6101.0
2021-07-05,5697.0
2019-06-25,4074.0
2016-08-22,5063.0
2019-08-09,4966.0
2019-05-28,4913.0
2011-08-24,5101.0
2012-05-11,5646.0
2015-06-19,4013.0
2013-06-09,5117.0
2015-01-08,4535.0
2017-09-29,4643.0
2020-06-09,5527.0
2011-04-05,5017.0
2010-12-26,4871.0
2012-08-18,5040.0
2018-12-02,6196.0
2017-01-22,4557.0
2016-08-12,4271.0
2011-10-10,5733.0
2021-02-02,5226.0
2013-04-18,4158.0
2016-12-14,5367.0
2012-11-15,4897.0
2019-07-21,4318.0
2012-08-23,4312.0
2011-04-08,5297.0
2013-04-24,4070.0
2018-04-10,5290.0
2016-03-29,4217.0
2015-05-13,4167.0
2015-10-29,4587.0
2017-05-24,4349.0
2014-02-18,4711.0
2014-11-29,5134.0
2021-06-25,5360.0
2018-01-01,5493.0
2019-03-04,4963.0
2016-03-06,4405.0
2021-03-30,5423.0
2015-10-15,4364.0
2016-02-18,4466.0
2015-04-15,4999.0
2015-12-10,4386.0
2020-12-02,4527.0
2017-05-22,4305.0
2013-12-17,4215.0
2021-08-06,5539.0
2019-02-13,5544.0
2010-05-12,5162.0
2013-07-09,4093.0
2015-03-17,4634.0
2017-04-10,5241.0
2020-03-15,5385.0
2016-08-11,4867.0
2011-12-17,4448.0
2021-06-05,4778.0
2011-10-16,4230.0
2015-04-25,4420.0
2011-04-10,4910.0
2020-12-06,5276.0
2016-09-30,5145.0
2018-11-20,5042.0
2020-05-30,4662.0
2017-03-21,5519.0
2017-12-31,5921.0
2017-11-04,5254.0
2014-09-06,4302.0
2011-06-12,5005.0
2015-04-10,4699.0
2019-10-23,4825.0
2017-10-27,4785.0
2011-05-14,5091.0
2016-12-11,4903.0
2019-10-05,4231.0
2020-07-31,5271.0
2017-03-14,5122.0
2020-02-19,3973.0
2015-04-16,5379.0
2019-01-31,4756.0
2014-08-14,4576.0
2015-05-23,5092.0
2015-09-10,5059.0
2016-08-10,3858.0
2014-02-23,4240.0
2018-05-26,4825.0
2017-11-27,5375.0
2012-08-16,4455.0
2012-08-07,4941.0
2015-08-16,4865.0
2015-05-21,3930.0
2021-11-11,3781.0
2020-07-25,4666.0
2021-03-26,4732.0
2021-11-21,4375.0
2017-05-25,5454.0
2019-03-30,4885.0
2011-03-05,6050.0
2013-12-14,5260.0
2018-06-07,5237.0
2012-09-21,4931.0
2017-04-14,3948.0
2021-11-13,5341.0
2020-02-27,4135.0
2015-10-26,4857.0
2014-06-04,4485.0
2012-11-12,5375.0
2010-09-30,4692.0
2019-02-01,4165.0
2012-10-27,4942.0
2014-03-07,4619.0
2019-02-18,5239.0
2017-05-30,4810.0
2017-04-24,4606.0
2013-12-12,5525.0
2019-02-16,5473.0
2012-02-17,5699.0
2010-11-23,6018.0
2019-04-18,5367.0
2010-01-28,4600.0
2014-11-15,5162.0
2014-05-23,4188.0
2014-04-09,4614.0
2016-06-05,4635.0
2013-02-25,4549.0
2015-07-04,4220.0
2016-01-06,4703.0
2020-02-26,4649.0
2012-10-03,4760.0
2015-03-12,4472.0
2020-02-11,4559.0
2016-09-20,5120.0
2011-08-25,4202.0
2016-07-02,5252.0
2019-02-04,4567.0
2016-03-28,5245.0
2011-07-17,5401.0
2013-01-06,4606.0
2012-07-14,5338.0
2014-01-24,4059.0
2011-05-06,4735.0
2012-10-19,4794.0
2018-03-13,4554.0
2010-02-21,5306.0
2020-10-12,4049.0
2021-03-21,5121.0
2017-08-27,5271.0
2014-11-01,5167.0
2019-02-23,5540.0
2012-10-31,5962.0
2016-09-28,3771.0
2015-10-18,4622.0
2021-04-18,6015.0
2011-06-11,4651.0
2016-06-26,5041.0
2013-02-09,4824.0
2015-07-27,5285.0
2014-10-26,4784.0
2015-07-17,4494.0
2013-11-01,3918.0
2011-04-07,5354.0
2013-11-11,4988.0
2010-09-01,4807.0
2019-05-21,5436.0
2017-05-31,4526.0
2011-02-11,4394.0
2014-12-31,4492.0
2015-04-28,5032.0
2019-10-09,4300.0
2015-06-28,4283.0
2010-01-17,4730.0
2014-07-06,5228.0
2012-09-14,4899.0
2020-04-30,4930.0
2019-04-21,4114.0
2013-07-27,4941.0
2017-03-07,5630.0
2013-11-14,5464.0
2010-10-11,5058.0
2017-05-04,5334.0
2011-01-28,4390.0
2013-06-20,5415.0
2020-08-08,4106.0
2014-03-31,4682.0
2015-04-03,4441.0
2015-05-31,5330.0
2013-05-28,5210.0
2019-08-20,4573.0
2020-02-08,4410.0
2020-04-03,4996.0
2011-08-03,6060.0
2019-08-02,5394.0
2010-12-21,5399.0
2010-10-15,4082.0
2014-08-19,5934.0
2021-04-04,4791.0
2018-03-06,4928.0
2016-12-18,5209.0
2017-01-15,4331.0
2021-12-16,4674.0
2019-12-09,5174.0
2014-10-09,4299.0
2011-04-19,4487.0
2018-01-23,5604.0
2019-07-03,4311.0
2014-07-07,5057.0
2017-01-08,3706.0
2014-05-11,5092.0
2011-11-01,4558.0
2013-05-14,4531.0
2020-08-17,4761.0
2011-02-13,4672.0
2018-10-07,5107.0
2019-01-07,5061.0
2020-11-14,5216.0
2020-05-14,4203.0
2017-01-17,4637.0
2014-02-19,5886.0
2015-03-22,5001.0
2021-10-31,5718.0
2015-05-06,4403.0
2010-03-23,5114.0
2010-10-29,4768.0
2016-03-26,5039.0
2021-03-07,5515.0
2018-12-17,4900.0
2016-06-06,4312.0
2012-02-08,4523.0
2010-09-18,5101.0
2021-10-25,4381.0
2011-05-17,5412.0
2016-09-18,4926.0
2020-09-28,4716.0
2020-10-11,4275.0
2020-05-24,4867.0
2017-07-30,5307.0
2019-11-11,5359.0
2016-10-11,5272.0
2015-02-18,5028.0
2011-09-13,5339.0
2016-01-22,4850.0
2015-09-07,5589.0
2019-06-15,6244.0
2014-08-02,4850.0
2010-09-25,5235.0
2015-03-08,4392.0
2011-05-03,4990.0
2018-03-25,4082.0
2010-08-21,4172.0
2020-08-21,4543.0
2011-05-10,4652.0
2017-01-06,4597.0
2014-12-03,4801.0
2018-02-25,5438.0
2021-12-08,4889.0
2012-12-11,5399.0
2021-12-17,4268.0
2019-10-03,4941.0
2013-04-30,4643.0
2010-11-02,4371.0
2013-03-05,5491.0
2020-06-15,5868.0
2021-02-18,4703.0
2012-07-26,4435.0
2011-01-08,4206.0
2011-01-24,4587.0
2018-06-29,4809.0
2014-11-19,4743.0
2013-10-24,5173.0
2018-03-11,5480.0
2020-03-08,5438.0
2021-07-15,4730.0
2013-09-23,5016.0
2017-09-18,4630.0
2020-10-25,3931.0
2011-12-25,4527.0
2014-04-04,4521.0
2020-10-23,4215.0
2013-07-11,5114.0
2015-10-25,6156.0
2012-02-14,4768.0
2010-05-21,5092.0
2011-02-07,5468.0
2016-01-15,5966.0
2010-10-25,4934.0
2013-03-19,5396.0
2016-06-30,4090.0
2019-05-14,5771.0
2017-06-26,5144.0
2021-05-05,4930.0
2019-05-18,4801.0
2015-03-18,5808.0
2018-11-17,4811.0
2020-11-17,4930.0
2010-06-17,6113.0
2016-11-03,4510.0
2013-10-04,4251.0
2017-07-15,4974.0
2018-12-11,5952.0
2016-01-09,5643.0
2021-07-07,4837.0
2021-11-07,4409.0
2012-09-30,5929.0
2020-09-27,4995.0
2014-04-05,5092.0
2017-07-03,6455.0
2014-09-21,4617.0
2010-02-02,4530.0
2011-11-07,3553.0
2011-05-30,4753.0
2018-10-23,6397.0
2021-12-01,4343.0
2017-09-26,4531.0
2018-03-04,4450.0
2018-06-24,4809.0
2011-04-12,4785.0
2019-03-01,4303.0
2012-06-17,5132.0
2017-06-03,4488.0
2010-11-11,3957.0
2020-07-20,4952.0
2010-08-03,5178.0
2017-07-19,5223.0
2011-01-09,4421.0
2018-05-17,4711.0
2016-11-02,4382.0
2010-12-07,4538.0
2019-05-04,5139.0
2016-03-30,5060.0
2017-04-15,5209.0
2011-04-25,4477.0
2012-02-11,5220.0
2016-07-22,4505.0
2013-08-17,5067.0
2019-06-08,5327.0
2010-02-09,4927.0
2014-12-10,4850.0
2019-12-30,5283.0
2021-04-26,5089.0
2018-06-17,4653.0
2016-02-01,5172.0
2010-05-04,4223.0
2011-06-01,4642.0
2012-05-01,5443.0
2015-01-02,5267.0
2012-12-16,5469.0
2019-12-17,5622.0
2012-01-09,5498.0
2012-07-12,5760.0
2019-04-04,5584.0
2013-07-19,4587.0
2010-05-31,5438.0
2010-10-19,3920.0
2013-02-05,4746.0
2016-10-09,4334.0
2014-05-29,4590.0
2012-03-25,4216.0
2017-09-03,4757.0
2020-12-08,5567.0
2020-02-29,5626.0
2020-01-28,5305.0
2012-08-13,5085.0
2019-09-30,5380.0
2021-01-01,5330.0
2020-10-27,4666.0
2011-11-19,5062.0
2019-03-20,5223.0
2019-03-05,4798.0
2018-07-05,4276.0
2017-05-16,5146.0
2012-07-16,4308.0
2016-07-25,4622.0
2016-02-28,5581.0
2014-12-21,5099.0
2016-12-06,5355.0
2015-04-06,5394.0
2016-08-30,4787.0
2019-03-29,4764.0
2018-04-01,4902.0
2013-11-16,5735.0
2014-01-08,5595.0
2017-09-19,5827.0
2012-01-18,4465.0
2017-05-11,5604.0
2020-08-23,4340.0
2018-11-09,3387.0
2015-05-22,4008.0
2010-12-28,4444.0
2017-06-24,3983.0
2014-09-17,5911.0
2012-03-18,5103.0
2015-08-07,5096.0
2014-09-07,4081.0
2010-06-19,4330.0
2020-08-13,4098.0
2019-10-27,4769.0
2015-12-27,5166.0
2012-05-18,5183.0
2015-10-20,4972.0
2021-04-07,4257.0
2019-12-20,4036.0
2015-11-25,4172.0
2018-06-04,4761.0
2019-03-07,5074.0
2020-07-22,4691.0
2012-02-04,5166.0
2012-07-02,5261.0
2014-03-27,4337.0
2014-06-06,5467.0
2020-11-10,3326.0
2019-07-12,4646.0
2016-07-04,4405.0
2012-10-02,5455.0
2014-04-06,5120.0
2019-03-25,5041.0
2019-01-03,4919.0
2010-07-10,5032.0
2020-12-17,4832.0
2015-01-01,4639.0
2010-08-13,4802.0
2016-07-11,5067.0
2014-07-19,4590.0
2013-10-07,5465.0
2011-05-01,4826.0
2019-01-15,4896.0
2017-05-20,4308.0
2021-08-04,5533.0
2011-02-25,5430.0
2018-09-15,5181.0
2013-10-05,4713.0
2019-01-01,5093.0
2019-08-07,4364.0
2014-04-17,4930.0
2011-01-18,3864.0
2020-09-08,4732.0
2013-01-26,4688.0
2014-10-02,5305.0
2021-10-12,4871.0
2021-12-28,5032.0
2017-01-07,5079.0
2017-06-12,5222.0
2011-11-28,3917.0
2011-03-15,5473.0
2020-11-30,4421.0
2018-11-04,5555.0
2012-10-15,5422.0
2010-11-06,5695.0
2016-08-15,4652.0
2017-02-19,3845.0
2017-07-28,5748.0
2015-01-14,4099.0
2021-10-02,5500.0
2019-08-26,3897.0
2016-01-18,3801.0
2021-10-04,4957.0
2020-12-15,3987.0
2020-05-21,4895.0
2015-08-03,4444.0
2014-11-07,5740.0
2011-05-25,6352.0
2014-08-05,4880.0
2015-08-31,3996.0
2015-06-06,5117.0
2013-09-21,5866.0
2015-11-08,4599.0
2020-09-14,4811.0
2011-02-27,4392.0
2018-06-26,4200.0
2016-05-14,4549.0
2012-03-08,4231.0
2017-08-23,4760.0
2015-07-18,5301.0
2014-11-21,4912.0
2017-07-25,5258.0
2018-03-08,4570.0
2015-09-22,4860.0
2015-04-23,5891.0
2013-04-23,5184.0
2010-09-08,6031.0
2020-04-06,4374.0
2010-04-02,4592.0
2013-01-11,5090.0
2013-04-28,4263.0
2012-12-30,5312.0
2016-05-23,4718.0
2014-03-21,4754.0
2012-05-28,4620.0
2019-03-11,3971.0
2021-08-10,5857.0
2018-12-21,4969.0
2011-07-23,4534.0
2010-12-30,5122.0
2021-11-01,4751.0
2011-10-01,5402.0
2012-10-13,4895.0
2021-08-05,4761.0
2015-02-28,5073.0
2014-10-08,4462.0
2021-08-03,4851.0
2021-07-18,5515.0
2011-03-25,4813.0
2010-08-30,4565.0
2012-08-03,4768.0
2011-05-23,4530.0
2010-12-09,4320.0
2017-03-01,3848.0
2010-04-12,4770.0
2012-11-09,5007.0
2020-02-07,5344.0
2021-11-26,4646.0
2013-07-12,5021.0
2011-09-17,3633.0
2017-07-10,4217.0
2018-04-08,5449.0
2016-12-25,4607.0
2013-02-24,4823.0
2011-05-08,5131.0
2021-05-20,4576.0
2018-11-08,5901.0
2011-02-22,3868.0
2019-02-22,5486.0
2010-02-19,6014.0
2014-09-30,4448.0
2010-10-26,5223.0
2013-06-04,4250.0
2013-03-02,5541.0
2017-04-20,4369.0
2012-04-23,4413.0
2018-01-05,4034.0
2015-03-07,4652.0
2011-02-19,5832.0
2019-10-04,4457.0
2016-12-07,3888.0
2015-02-10,4199.0
2017-05-27,4460.0
2010-05-25,5445.0
2013-09-05,4494.0
2012-12-20,5936.0
2019-07-13,4946.0
2015-09-05,4190.0
2021-12-22,4618.0
2020-10-02,4845.0
2012-11-26,5412.0
2018-12-04,5229.0
2015-08-24,4756.0
2014-11-11,5178.0
2014-09-03,5596.0
2010-09-14,5041.0
2014-06-25,5309.0
2013-09-28,5358.0
2015-12-22,5198.0
2021-03-25,4963.0
2016-04-12,5596.0
2011-09-25,5539.0
2014-07-20,5756.0
2014-10-17,5594.0
2010-10-31,4870.0
2017-07-01,4298.0
2017-07-06,5425.0
2017-05-21,3935.0
2019-05-02,5636.0
2013-09-19,4296.0
2012-02-24,5207.0
2016-03-18,4660.0
2015-04-27,5494.0
2020-04-01,4351.0
2017-08-06,5355.0
2011-06-24,4480.0
2014-06-05,4806.0
2020-01-05,5001.0
2016-08-04,4304.0
2020-06-30,4694.0
2021-01-05,5323.0
2012-02-06,4558.0
2017-09-09,4659.0
2017-10-21,4534.0
2018-02-17,5040.0
2019-02-15,5236.0
2021-02-23,5154.0
2010-05-06,5212.0
2021-01-09,4857.0
2014-07-10,4322.0
2021-09-17,3871.0
2016-09-24,5175.0
2014-03-04,4527.0
2013-01-13,4559.0
2016-05-18,6117.0
2017-09-20,4838.0
2016-01-21,4612.0
2011-07-21,5346.0
2016-04-02,4111.0
2016-09-07,5909.0
2014-03-03,5473.0
2017-08-10,4780.0
